"age","income","region","product"
47.7996511833632,43.6234935931861,"South","Basic"
42.3743027249103,40.2184567693621,"East","Deluxe"
43.3220257895012,115.657976414077,"South","Premium"
32.9079923741761,72.7394940610975,"North","Basic"
32.8278183842599,65.5488957930356,"East","Deluxe"
34.690934778297,36.1809210199863,"East","Deluxe"
30.525253858152,24.1919498471543,"South","Premium"
36.4545759692602,58.5198592906818,"West","Basic"
40.7796084956371,75.4681829409674,"West","Basic"
30.6146129639311,41.7047974700108,"North","Basic"
32.7110877070886,119.103431892581,"West","Basic"
39.3917804533993,113.109964113683,"North","Basic"
43.3390294249922,57.1978746028617,"North","Deluxe"
36.7406841446877,45.9426670148969,"West","Premium"
35.8314241183957,110.794640081003,"South","Deluxe"
49.1899660906077,27.1431849617511,"East","Deluxe"
35.2720859227207,76.1675608856604,"West","Deluxe"
35.3896166111565,117.243200917728,"East","Deluxe"
43.7816777220851,89.0989849856123,"North","Premium"
58.6685184470686,119.245530855842,"East","Basic"
44.5623640317981,58.7498257681727,"North","Basic"
43.8602656834968,51.9642119342461,"West","Deluxe"
36.1977347971224,102.047451217659,"South","Deluxe"
41.2928773516095,46.2796304188669,"East","Basic"
42.4368742959909,54.0934370178729,"East","Basic"
34.2814994210444,82.8404803806916,"South","Premium"
65.7145814586664,40.999805862084,"West","Deluxe"
38.8636010449386,48.8266204763204,"East","Deluxe"
33.9849329199322,59.1228783410043,"West","Deluxe"
26.4909731396929,82.4552987283096,"East","Deluxe"
43.4610361955361,79.427297138609,"East","Basic"
36.2756124389617,26.1262614326552,"South","Premium"
40.2098358635424,48.8690108573064,"South","Deluxe"
23.4895110431181,60.1813854230568,"East","Premium"
51.3133721341418,35.8688397612423,"North","Basic"
50.5418102337692,27.900568167679,"West","Basic"
46.608202977898,51.3517895527184,"West","Basic"
34.2643972923172,22.6097721653059,"East","Premium"
41.444757047107,59.7246005246416,"North","Deluxe"
45.1013254687866,41.6662138933316,"North","Basic"
46.0070882367242,84.211381948553,"East","Basic"
40.7050839142458,24.6993680531159,"East","Premium"
40.597499373846,51.8563093896955,"South","Basic"
31.0679242994505,72.8765395982191,"East","Basic"
30.0749284960796,21.9191030645743,"North","Basic"
38.209484056198,44.245707760565,"East","Premium"
39.4443803447546,77.6245168922469,"West","Premium"
35.1012954686153,37.3043038696051,"North","Basic"
39.286919138764,98.4931556321681,"West","Premium"
55.5870831414912,32.1272054268047,"North","Premium"
46.3075411565057,44.3435242446139,"East","Premium"
38.0282410565145,95.7329159183428,"West","Premium"
47.3994751087733,107.315136753023,"South","Premium"
36.1952899898762,29.7239455673844,"East","Premium"
30.0321925779248,92.0050457865,"North","Premium"
48.9512566104502,66.2975211208686,"East","Deluxe"
37.5330812153763,105.23646001704,"North","Premium"
55.0390060900453,39.5171431871131,"East","Premium"
46.5119328158767,40.7365499809384,"North","Basic"
53.3551761505939,31.7770360549912,"South","Premium"
45.6298953322048,84.5427515730262,"East","Basic"
50.255713696967,87.355498787947,"West","Premium"
62.9307897383109,27.7721554320306,"North","Premium"
48.2158108163749,86.6505717206746,"West","Deluxe"
34.2602652070201,66.1216570343822,"North","Premium"
57.8691313680308,33.9203641330823,"East","Deluxe"
27.152842776822,47.9223810648546,"West","Deluxe"
26.4015929617861,21.310821599327,"South","Premium"
34.7708762368658,33.8390127336606,"South","Basic"
33.5929399169462,73.1409335788339,"South","Deluxe"
20.0725151131142,79.9115967284888,"South","Deluxe"
43.8528040112633,112.10652038455,"West","Basic"
28.1156596485202,101.968251848593,"East","Premium"
44.7613327830263,99.969711555168,"East","Premium"
40.6670087093018,95.7098533445969,"East","Premium"
61.0010894052567,61.5257453219965,"South","Premium"
24.5124719576978,114.882525061257,"South","Basic"
29.7357909969322,99.7902937280014,"North","Basic"
64.1677335378821,61.0514390328899,"South","Deluxe"
49.9350385596212,76.5654343459755,"South","Basic"
36.1122013592826,117.416369407438,"West","Premium"
29.3667386602881,65.7876797067001,"East","Premium"
53.6860228401446,91.5133527759463,"West","Basic"
56.4084616597749,22.933661499992,"East","Basic"
34.0538273254049,49.5400080503896,"East","Basic"
59.0236182167893,27.5860834680498,"West","Premium"
42.1594156874397,108.902149279602,"East","Deluxe"
41.1814451104668,95.9335696697235,"North","Deluxe"
23.3205806341186,110.336228790693,"North","Deluxe"
33.4805009830454,88.4486472979188,"South","Premium"
46.0796432222503,25.2198615856469,"East","Basic"
16.9083112435919,36.976905008778,"East","Basic"
22.7326960088567,67.954407799989,"East","Premium"
34.3952435344779,67.068183356896,"East","Premium"
47.0178433537471,117.588969347998,"West","Basic"
35.2375310538442,67.7886812528595,"East","Premium"
30.5459116887611,48.6957619246095,"North","Premium"
37.920827219804,93.6334029119462,"North","Basic"
33.5295436868173,32.3857651371509,"South","Premium"
32.7839555956398,90.297950389795,"North","Deluxe"
36.2439712833023,90.88553882204,"West","Premium"
38.9811674428478,45.9646071353927,"North","Basic"
33.7496073215074,94.3204915197566,"South","Premium"
42.144453095816,28.7219301844016,"South","Basic"
37.0492851700773,97.1909482311457,"South","Deluxe"
44.1898240492446,75.9545869240537,"South","Premium"
41.1068271594512,108.413360738195,"East","Premium"
34.2465303739161,20.3896343056113,"West","Premium"
35.7272071279457,94.9607095960528,"North","Premium"
47.0352390275689,44.4308249559253,"East","Basic"
36.4795354341738,49.9122775672004,"East","Basic"
34.9780128165714,91.9587282743305,"South","Basic"
42.21019468561,31.5582457045093,"North","Deluxe"
47.0758835383559,59.4758985843509,"North","Deluxe"
48.1765944637409,31.8690322386101,"South","Basic"
34.8393616905522,70.6997726857662,"North","Deluxe"
53.6065244853001,101.146365776658,"East","Basic"
57.1506498688328,116.864116797224,"East","Deluxe"
34.3812363645022,102.671549031511,"West","Deluxe"
48.4501300406744,98.8409381639212,"South","Deluxe"
48.7813348753304,92.0840350026265,"North","Premium"
40.847372921972,35.3254878008738,"North","Basic"
40.9049664713922,73.941073268652,"South","Basic"
22.4347260444236,33.5865396354347,"West","Premium"
18.4235366498472,75.507810274139,"South","Premium"
33.0529302107949,116.242132107727,"East","Deluxe"
40.9458352817357,77.2148679522797,"East","Premium"
43.0352864140426,47.0815432537347,"East","Premium"
47.6904224100091,35.5874150572345,"North","Basic"
55.3261062618519,58.0903700133786,"West","Deluxe"
52.1810861032581,39.2805626895279,"South","Premium"
32.1509553054292,96.2750589288771,"West","Premium"
34.2253199894044,32.941628950648,"East","Premium"
29.5082299333393,64.9599910760298,"North","Basic"
37.4390780780175,105.659696697257,"West","Deluxe"
31.0463664202246,60.0169178377837,"West","Deluxe"
37.3434837472178,61.3555064238608,"East","Basic"
46.8374552185071,25.8030697749928,"North","Premium"
37.637204310589,110.218177833594,"West","Deluxe"
50.1755863695209,74.0256182895973,"East","Deluxe"
45.5391765353759,90.3812950057909,"North","Deluxe"
37.947007425318,57.5843436690047,"East","Premium"
26.3596254791762,58.1422596750781,"West","Premium"
27.7928228774546,89.3198901368305,"North","Basic"
41.7480270016126,47.1409004693851,"South","Basic"
37.1960466482975,116.261534141377,"South","Deluxe"
31.7052238837548,96.6166528686881,"North","Premium"
61.8733299301658,22.0068466197699,"North","Basic"
48.8465049897692,46.8803449813277,"South","Premium"
32.9540353631993,78.1447338219732,"West","Deluxe"
52.6318517608949,91.1692579323426,"West","Deluxe"
32.7693403006013,84.146263920702,"South","Basic"
42.3538657228486,54.801505273208,"North","Basic"
44.2646422147681,20.4106940468773,"West","Premium"
38.1707461162727,34.9244213709608,"East","Basic"
27.3460364843174,81.2723468570039,"North","Basic"
35.4163466728889,61.9045724906027,"East","Basic"
38.9432866599623,62.1810131752864,"South","Premium"
40.0576418589989,30.7294654939324,"East","Deluxe"
51.0992028971364,33.7858365662396,"South","Premium"
48.3778704449452,65.1168906409293,"North","Deluxe"
52.5381492106993,93.395214881748,"West","Deluxe"
28.6269637933426,72.1264262963086,"East","Basic"
26.6122571276503,91.8611745163798,"East","Basic"
34.10518961485,74.7998871887103,"West","Deluxe"
33.1199138353264,106.098935757764,"West","Premium"
56.5090746733669,26.5628111828119,"West","Basic"
61.9881034888372,47.3622734239325,"North","Deluxe"
23.9846382642541,29.2925820499659,"North","Basic"
34.976765468907,24.2360678780824,"North","Deluxe"
44.0077145059405,56.3261566730216,"West","Deluxe"
51.0984813892972,78.5565576329827,"East","Deluxe"
53.0117599220059,27.2286580922082,"West","Deluxe"
55.4758105898377,91.3150188792497,"East","Premium"
36.6679261633058,84.7442143643275,"North","Deluxe"
48.8425082002821,64.9411387788132,"East","Deluxe"
43.7963948275988,62.4452095059678,"East","Deluxe"
43.0115336216671,115.946578378789,"East","Deluxe"
19.8578950207928,79.8638546885923,"West","Basic"
39.0968040603415,74.323289799504,"East","Basic"
50.5271146557933,70.8158084703609,"North","Deluxe"
41.5337311783652,25.3536934545264,"West","Deluxe"
37.6982251051672,56.5845473250374,"West","Basic"
49.7697338668562,60.9945928491652,"South","Deluxe"
37.9020682877149,27.2469149716198,"South","Basic"
32.847578127772,100.091784871183,"South","Basic"
51.6838387306909,100.624794028699,"South","Basic"
50.1494317274366,111.465717041865,"East","Premium"
29.8440742139646,75.5177204776555,"South","Premium"
43.5981382705736,89.5105244405568,"South","Premium"
26.0472565020053,100.047637387179,"West","Premium"
48.5692301089932,34.9412495549768,"North","Premium"
42.5331851399475,52.6233146712184,"North","Deluxe"
44.2816676497051,61.986421495676,"West","Basic"
53.0019867766682,56.9907276704907,"South","Premium"
53.7857013695924,33.4996398352087,"East","Basic"
35.9711516470092,109.836083119735,"South","Deluxe"
55.1647060442954,63.6047671828419,"East","Basic"
27.4872863837506,59.1498751705512,"East","Basic"
24.8533234621825,61.7554959887639,"North","Basic"
35.5433802990004,86.7640231316909,"East","Deluxe"
33.8883408331958,90.9579854737967,"South","Premium"
48.457315401893,30.9801593469456,"West","Premium"
52.3247587848534,38.5140318702906,"East","Basic"
46.2418747202065,103.179031778127,"West","Premium"
56.8443570809412,46.4485116582364,"West","Deluxe"
27.6372688111671,66.8432118650526,"North","Basic"
42.3873173511144,86.9603545917198,"South","Basic"
50.2467323481835,44.1502250079066,"North","Deluxe"
46.4437654851883,34.8593712598085,"West","Deluxe"
34.7888268244748,92.7533633122221,"North","Deluxe"
54.9606066984635,65.6886755535379,"South","Premium"
42.5688370915653,74.2598370462656,"South","Basic"
37.8461949235831,98.196891467087,"West","Deluxe"
27.1296952396482,50.4052469087765,"South","Premium"
29.9162339172299,24.3966625351459,"South","Basic"
44.8545997890488,119.261567369103,"South","Deluxe"
27.4135137193983,113.777017691173,"North","Premium"
37.7422901434073,70.4439810989425,"South","Basic"
36.5034961204645,111.984805767424,"South","Premium"
45.8461374963607,32.0181487640366,"East","Deluxe"
39.6593274626154,101.984466779977,"North","Basic"
35.8566005208114,104.773915773258,"South","Deluxe"
44.1142992061573,26.5808321116492,"North","Deluxe"
37.7951343818125,94.5341842295602,"North","Deluxe"
38.6684903567106,75.0922729074955,"West","Basic"
53.1241297643351,79.3866932671517,"East","Basic"
32.1139716214976,97.3692122427747,"East","Premium"
37.3780251059753,69.0224198205397,"South","Basic"
36.3634270290475,101.123734964058,"West","Basic"
59.0910356921748,106.970607028343,"South","Deluxe"
55.9850877114583,75.5313591845334,"West","Deluxe"
20.3338284337036,32.608278542757,"West","Premium"
31.3448713734663,82.7110700588673,"West","Basic"
46.8864025410009,77.2073720628396,"North","Premium"
46.8791677297583,54.1814444167539,"South","Basic"
35.0896883394346,34.0646189451218,"East","Basic"
23.8211729171084,106.656017974019,"East","Deluxe"
32.1846351294525,64.7730098385364,"North","Deluxe"
33.7209392396063,74.6522794291377,"North","Premium"
40.4123292199294,97.0622961455956,"East","Basic"
43.317819639157,114.259886187501,"North","Basic"
43.1048074944314,20.6998454453424,"North","Basic"
41.1663728358271,111.895474516787,"West","Premium"
43.6896452738509,67.8369446704164,"South","Premium"
39.3808828942328,85.722106047906,"North","Deluxe"
39.5497227519108,71.1314596515149,"West","Deluxe"
28.6441152962566,98.8471929030493,"North","Deluxe"
47.8773884747518,76.0280537465587,"West","Premium"
51.4880761845109,42.2881316905841,"East","Premium"
45.1940720394346,51.3842572038993,"South","Basic"
30.4838143273498,86.8323643505573,"North","Basic"
52.2408179743946,24.9415596760809,"South","Basic"
25.382444150041,60.5416495166719,"East","Premium"
42.9822759154072,76.9443274755031,"North","Deluxe"
41.2385424384461,27.5145176611841,"South","Premium"
27.3984475524189,82.3261383501813,"East","Deluxe"
43.2430434416138,62.688557645306,"North","Deluxe"
47.5677476379596,102.633157866076,"East","Basic"
45.4319405923209,105.343023878522,"West","Premium"
46.3296071303145,76.8338012089953,"North","Deluxe"
44.351814908338,49.7723078168929,"North","Premium"
29.4748672066126,94.4238505372778,"North","Basic"
19.4675277845948,115.766974240541,"South","Basic"
41.1924523642758,66.2098857853562,"West","Basic"
42.1198043337229,113.763233232312,"South","Premium"
28.1451991540269,30.8824073104188,"North","Deluxe"
41.1764659710013,100.83862552885,"North","Deluxe"
22.0971876273594,83.4896405041218,"North","Basic"
24.670979971094,91.5780958533287,"East","Basic"
32.5866390372717,48.2850414514542,"East","Basic"
28.7689141679665,46.2756277807057,"West","Deluxe"
38.9902511467119,59.1295091249049,"South","Basic"
27.3931712118122,116.855092793703,"North","Premium"
38.6110863756096,83.185017532669,"South","Deluxe"
41.6806538388466,68.0126436566934,"South","Deluxe"
29.7587120939509,51.9553229492158,"North","Deluxe"
39.5712954270868,119.174523539841,"South","Basic"
41.7472639698184,87.9022809490561,"West","Deluxe"
38.8054739336934,57.2157742734998,"North","Deluxe"
47.3649596477344,37.1936832368374,"West","Deluxe"
29.0400373292534,84.3221559468657,"South","Basic"
29.4498295739732,106.618913034908,"South","Deluxe"
34.2561131023673,82.172598275356,"North","Premium"
36.5608276587154,109.189626951702,"North","Basic"
50.8079949615152,85.9197925822809,"East","Premium"
45.4839695950807,95.6650132825598,"North","Premium"
39.480180938191,41.7183782951906,"West","Basic"
39.4597187491456,64.053312484175,"East","Basic"
42.7376649103655,65.9240817232057,"South","Basic"
52.0796199830499,75.0259046489373,"East","Deluxe"
33.9974041285287,95.9166802046821,"South","Premium"
44.3652347891018,55.1617672014982,"South","Deluxe"
37.8202508534171,51.1270809033886,"North","Deluxe"
61.6895596533851,31.9928880827501,"West","Basic"
29.8142461689291,66.8619162449613,"East","Basic"
44.609162059892,68.8495482364669,"West","Premium"
22.4676264085773,60.5625266721472,"West","Basic"
35.5344278357278,82.8927760757506,"North","Basic"
40.4715443276153,50.6311258813366,"South","Premium"
