"V1","V2","V3","V4","V5"
-19.1480604349636,13.650520821102,-0.517067775130272,8.0539109997917,9.89965585293248
-19.3707541329786,17.7136411424726,-8.37253668205813,8.95509576960467,4.38493612688035
-12.8613953478634,51.9560450455174,-0.801549124065787,8.02560094045475,6.99903217609972
-18.3044762606733,81.1120785074309,-3.60639705881476,8.92076313914731,8.89076955616474
-16.41745518893,11.536201252602,-4.00979901058599,8.36666474491358,8.34159473190084
-15.1909594913013,89.3421786604449,-8.77772679179907,8.69839254696853,7.34421460423619
-17.3658831464127,57.5352881103754,-3.45906865410507,8.5693523469381,6.46903307409957
-11.3466659723781,14.6572394296527,-1.80102397082373,8.28401113650762,8.4287826763466
-16.5699229040183,90.2805796358734,-6.64284770702943,8.0113699187059,1.59641251666471
-17.0506478403695,25.3002469427884,-0.881203188095242,8.42137201922014,3.63706227391958
-14.5774177624844,15.0597600266337,-4.78526102937758,8.61429249169305,2.75092508876696
-17.191122516524,76.854715985246,-3.35089449165389,8.0047553719487,1.24794522533193
-19.3467224715278,23.0123331071809,-7.48309215391055,8.66359929437749,5.65626949071884
-12.5542882434092,30.5399328004569,-7.05207564495504,8.11565312906168,6.73240222968161
-14.6229282254353,51.8569612177089,-7.33216963568702,8.90229458012618,0.0170313008129597
-19.4001452275552,33.4599666763097,-0.648904278408736,8.10099878977053,8.0092122242786
-19.7822642838582,15.4434968251735,-7.8892160076648,8.56541545758955,1.98242865735665
-11.1748736165464,26.6369568649679,-6.3192989337258,8.25143167306669,6.6674543893896
-14.7499708156101,35.0754616782069,-1.0151902968064,8.58119589998387,7.87734308745712
-15.6033274624497,57.8458378789946,-6.01070591807365,8.95252370531671,9.5218147104606
-19.0403138729744,80.8601795230061,-0.32431247504428,8.72727880300954,3.8267757743597
-11.3871016772464,93.3270314941183,-8.60576752899215,8.40457265148871,5.2637768140994
-19.8889172892086,83.3863337524235,-5.60176489967853,8.49236440425739,3.88354114955291
-19.466682325583,12.7002774504945,-5.90403904533014,8.67214034963399,1.31727600237355
-10.8243755809963,64.9453951511532,-7.7054631463252,8.46823222748935,8.0771841853857
-15.1421178434975,69.0351657569408,-5.26165515044704,8.29574202210642,6.86249688034877
-13.9020346710458,3.20448244456202,-4.35034371074289,8.54616757202893,2.93098509078845
-19.0573813091032,92.0489149866626,-8.53391811111942,8.73502562032081,4.19948953203857
-14.4696962810121,47.8468887042254,0.875161992385983,8.77161420090124,7.35261054011062
-18.3600425999612,26.6520578414202,0.084523303899914,8.81439322745427,8.4982124553062
-17.3759561777115,85.6510716257617,0.79390146676451,8.33312853891402,0.774645886849612
-18.110551412683,22.9146477766335,-7.29527786234394,8.89124456606805,2.83864254597574
-13.8810828281567,79.194687330164,-8.57265625940636,8.30870339716785,1.09814988914877
-16.8516972940415,64.6774860331789,-7.57167636044323,8.69876878592186,2.2193919820711
-10.0394833879545,42.4334690673277,-5.39419158454984,8.19347491371445,0.470549333840609
-18.329160802532,9.50682680122554,-3.5557945035398,8.97670759935863,0.608771482948214
-10.0733414688148,0.346770393662155,0.373966185376048,8.16909258114174,5.33630196005106
-12.0765897282399,53.1133668962866,-2.64451134111732,8.1704267160967,0.982995911035687
-19.0660140779801,52.4307115934789,-4.15253468416631,8.62809040490538,4.18346375459805
-16.1177864344791,21.3185554603115,-8.14103772491217,8.73419553553686,1.20736401993781
-13.7955924053676,71.69320799876,0.449131870642304,8.93911324185319,9.25330710830167
-14.3577158497646,96.1343576200306,-5.53286228189245,8.76829621079378,0.0962951756082475
-10.3743103286251,51.8266599625349,-5.30653776694089,8.16630763350986,4.83336200471967
-19.7353991377167,17.4528022296727,-2.75851257005706,8.28029515407979,7.57224498782307
-14.317512488924,56.2540134880692,-1.72594174603,8.42526570567861,9.12092638667673
-19.5757659664378,75.9258169680834,-7.02071891026571,8.83729349845089,7.77469286695123
-18.8775490550324,66.6971337515861,-3.11284799920395,8.15150472591631,9.74126069340855
-16.3997876946814,22.4872923223302,-0.571028330363333,8.665853778366,1.62080803653225
-19.7096661035903,34.5849762437865,0.99379032291472,8.81808372261003,3.11735069612041
-16.1883820733055,31.9831759901717,-8.88561750622466,8.67361827986315,4.39856395823881
-13.3342721126974,90.4898397624493,-0.786681499797851,8.37547692749649,6.51154433144256
-13.4674824820831,19.9198380112648,-6.94376173522323,8.88433597260155,6.90598870394751
-13.9848541142419,68.096301658079,-7.86195148807019,8.57103270525113,1.99085218133405
-17.8469277569093,13.7517758645117,-2.11914336401969,8.46994776721112,7.99646813888103
-10.3893649112433,10.699468688108,-6.27038680575788,8.63609049189836,7.69739850657061
-17.4879538617097,9.28593957796693,-0.768301208503544,8.74059795029461,6.5934901102446
-16.7727683018893,91.6448955191299,-2.55603597825393,8.14587759715505,1.40124457422644
-11.7126433039084,27.7060435852036,-3.72097719088197,8.40640328032896,6.68272027047351
-12.6108796382323,88.5793877299875,-8.71349031897262,8.45828935876489,1.52334134792909
-15.1441293465905,77.2864649537951,-6.12829960742965,8.55824500950985,5.77878788812086
-16.7560727451928,79.5051236171275,-8.64416471542791,8.40968994726427,6.13630244974047
-19.8281719791703,20.5673593096435,-0.0213204636238515,8.9981195484288,1.50724645936862
-17.5954426755197,4.81933229602873,-7.6903106351383,8.75027505587786,5.36178742302582
-15.6648842408322,3.88159311842173,-8.4855591119267,8.18844895623624,5.71474427822977
-18.496897185687,28.4574129851535,-5.36053477181122,8.10874224291183,6.03579482063651
-11.8947393540293,34.8809832474217,-2.04519216995686,8.74381485651247,8.41356826946139
-12.7128661470488,73.7453325418755,-0.0769086866639555,8.1150771365501,5.27638485189527
-18.2815848523751,25.1663581235334,-6.5572380493395,8.99782034102827,2.45611933525652
-16.9320482038893,51.7437003087252,-5.08033603057265,8.77812215522863,2.98526278464124
-12.4054473964497,75.9444722672924,-2.79845092771575,8.40818303986453,8.46147899748757
-10.4298879601993,63.6084527941421,-3.35503022745252,8.27823330112733,4.48203241219744
-11.4047909411602,20.39406853728,-8.58598428871483,8.95669587212615,6.97396067669615
-12.1638541505672,99.3045282084495,-4.2575651416555,8.25453200493939,9.47400911012664
-14.7939856420271,0.0405043363571167,0.49205233482644,8.12010620348155,5.73085235664621
-11.9741034228355,20.6570025067776,-6.59668654995039,8.5449900845997,4.92861256469041
-17.1935583767481,63.4028090629727,-2.21858297800645,8.67352843820117,4.97258101124316
-10.0788473873399,1.72918252646923,0.134321841411293,8.37433302099817,0.936699346639216
-13.7548996461555,2.67354713287205,-8.54418473877013,8.1471159150824,9.58697933703661
-15.1440770830959,60.784059506841,-7.63572868751362,8.96900599659421,1.99178226990625
-10.0157055421732,57.0541352732107,-7.99645766941831,8.06923679448664,5.32846685266122
-15.8160400250927,24.5853347936645,-4.90345385018736,8.60238739382476,1.35271079838276
-11.5790520817973,91.9525086414069,0.699478452093899,8.19486834970303,2.40706206997856
-13.5902830585837,67.2216201666743,-5.36015348834917,8.5641738534905,1.84036136837676
-16.4563187840395,64.5450439304113,-1.75098586454988,8.14760213764384,6.60556744551286
-17.7582336263731,20.8285454660654,-1.97318452503532,8.82409259211272,1.03639307199046
-15.6364684156142,48.0617735767737,-8.75185399875045,8.32952590868808,2.80249008676037
-12.337033986114,98.6518583260477,0.459985403809696,8.47609902196564,0.0432165828533471
-10.899805163499,99.3119847727939,-3.6650849096477,8.18978358060122,2.25459585897624
-10.8561206492595,45.0774036580697,-2.03690833970904,8.51943663461134,7.48273231554776
-13.0521836946718,71.4848786126822,-8.54742497298867,8.4950915153604,0.284959552809596
-16.6742651467212,31.6561612533405,0.165714289993048,8.1416635112837,7.45386404218152
-10.0023889658041,83.3687560632825,-8.6715577901341,8.75328078004532,6.21050931280479
-12.0856995694339,43.3975581545383,-1.22702759085223,8.01092482893728,4.01061526266858
-19.3303412734531,99.5992258191109,-3.73858224228024,8.17796195414849,3.42672306811437
-19.2564474861138,80.5811213329434,-6.33878116356209,8.1136762436945,2.34595085959882
-17.3409430100583,48.6242167418823,-3.95063920738176,8.53670303407125,7.63904923340306
-13.3307198341936,53.8772000931203,-3.67504743952304,8.54542447952554,2.08343708422035
-15.1506332983263,34.1039908351377,-8.13129763444886,8.02092160144821,2.24782983539626
-17.4397464632057,5.20156044512987,0.156014297623187,8.15073244832456,6.54955520993099
-16.1915924004279,45.8723113173619,-3.3599173752591,8.55633752350695,4.96699211420491
-16.2624534452334,49.8156590387225,-8.4076947378926,8.75452787033282,5.8961844118312
-12.1715769823641,28.2764225266874,-2.27274305745959,8.66134196147323,4.32779183844104
-12.1656731097028,77.6445082388818,-2.72677322244272,8.76579945161939,6.63357404060662
-13.8894502865151,30.38527618628,-8.27144580055028,8.14284203434363,6.24209678266197
-19.4245569198392,51.5551181975752,-4.62294945819303,8.58604397019371,5.01930054044351
-19.6260801376775,47.7950773201883,-2.58459254028276,8.70726884808391,2.98072398407385
-17.3985527921468,76.8852224573493,-0.900305128656328,8.42009253869765,7.3203652119264
-17.3324590572156,16.3928855676204,-5.08247027965263,8.9908971763216,8.43804668169469
-15.3576128999703,44.1774149890989,-1.26577193941921,8.08601816021837,6.66814513271675
-10.02272966085,52.3407669737935,-0.266048748511821,8.54911532439291,5.04701350582764
-16.0893745254725,47.6919188629836,-2.81686883512884,8.37868449115194,7.1168444561772
-18.3680155943148,52.4643287761137,-5.4226581598632,8.38772052945569,9.75643595447764
-17.5152256269939,68.5228247195482,0.322566811461002,8.32530933571979,6.90039130626246
-14.5273157255724,35.1792022120208,-1.55270703928545,8.99645660305396,9.95456438977271
-15.3578999382444,83.9631285285577,-8.36432008398697,8.74640809581615,9.51732153305784
-15.3737669531256,92.1913691563532,-7.91796492272988,8.77978995977901,7.6150417723693
-10.0138084357604,10.6309621362016,-0.812221084255725,8.9046700662002,1.45704748807475
-13.5566595382988,20.6528918119147,-1.06923061981797,8.66672499477863,1.75230362452567
-16.1213309015147,48.6642911797389,-8.42892963765189,8.69182861829177,9.34264272684231
-18.289421305526,32.3822023812681,0.0762061765417457,8.9460694254376,4.79792278725654
-13.5672199935652,47.1713925013319,-1.78361386386678,8.12959903734736,3.69111053878441
-14.1063512582332,58.6088502081111,0.0270699467509985,8.95056661055423,3.25407310621813
-15.7347589894198,22.3950012587011,-3.64285734808072,8.95263889664784,4.74094666307792
-15.8967830357142,73.4029720071703,-5.51460664346814,8.08785267686471,9.31007524253801
-17.1965729235671,15.0484099052846,-0.66706622345373,8.84383690659888,5.32311444170773
-13.9497304521501,69.7553366888314,-1.0967100886628,8.75712276063859,9.16520749917254
-19.1920392913744,26.4107904862612,-3.68590939650312,8.58843506267294,3.26999091776088
-19.6257029357366,42.6464922260493,-1.21281027421355,8.30500255525112,3.04155099671334
-12.3352352553047,72.1333573339507,-8.41641053417698,8.01367504568771,0.0532761216163635
-17.244975999929,47.4471707129851,-4.41889573680237,8.3231923985295,4.82526380335912
-19.0363452513702,33.8586960919201,-8.77668959647417,8.16989364800975,3.7716596503742
-16.0347408475354,24.0592138841748,-1.60110888397321,8.21876107808203,1.37627548305318
-16.3150729890913,21.6259677894413,-1.94262914452702,8.47266473062336,5.16504772705957
-19.3738584965467,24.205811903812,-8.94293330004439,8.00802978384309,8.03295387653634
-18.5048275068402,56.4904673025012,-4.29246779857203,8.77676280611195,0.411293699871749
-15.7982089906,71.2568088900298,-3.03827436966822,8.79142124112695,7.13360870489851
-18.2140392391011,10.8096597949043,-6.16006407514215,8.11901915911585,7.08819617750123
-11.1371860909276,51.9075873540714,-8.4478070945479,8.19362545083277,8.9549472508952
-17.6450775866397,85.2190344594419,-5.22125709662214,8.99933908227831,2.75162333156914
-16.2361345719546,71.4631942100823,-3.69776119105518,8.90323140053079,1.34805150795728
-11.4844660670497,31.3981684856117,-6.49021930620074,8.00532734184526,9.26155365770683
-10.8026446658187,11.5817142417654,0.440864925272763,8.72378972824663,6.4306506072171
-14.6406955132261,57.5004067504779,-4.62511729076505,8.40674196393229,6.04444469558075
-17.7936816145666,83.1371922045946,-1.98933192389086,8.02291844342835,3.02902766969055
-17.3352795955725,52.0339757902548,-7.2415210804902,8.39760057954118,2.15119474334642
-18.172304444015,69.4011028623208,-6.580251772888,8.17753636767156,8.19716256344691
-11.7016248125583,49.9903989490122,-8.76316817104816,8.25354779488407,5.66603024024516
-19.4472032552585,35.4160398710519,-5.71228951308876,8.9136447601486,9.04527486534789
-12.9362384136766,96.4804159011692,-4.86908574448898,8.37486678175628,6.01635670987889
-11.4907205244526,92.2261254163459,-7.91245444305241,8.29976514657028,2.00744919478893
-17.1937859128229,20.4592706635594,-0.479477398097515,8.77107602613978,8.19128106813878
-13.2408595248125,95.4902932746336,-8.90940061397851,8.01431666710414,6.56366766197607
-17.7880949852988,87.3992832377553,0.697635287884623,8.19097944162786,4.37672717031091
-13.9444100181572,69.7344831423834,-0.953533077612519,8.99930607713759,1.3772464194335
-16.7859286791645,51.259378483519,-3.98960281256586,8.01863409671932,0.210072866175324
-17.7582504274324,48.0816515395418,0.341791390907019,8.71788122155704,7.08291197195649
-11.8786904402077,20.1800923096016,-4.321477772668,8.5373532329686,0.968577696476132
-10.2908581891097,10.0229354342446,-3.89023204194382,8.3914662739262,0.842031561769545
-11.3571379706264,47.2588874632493,-0.677782032638788,8.49927399470471,1.9565317989327
-16.8016417813487,31.2179648084566,-7.39350402355194,8.98992637824267,9.85333865042776
-19.348229537718,77.2399305133149,-3.78638475062326,8.49477374483831,6.65042725391686
-15.5049408436753,90.1074001332745,-4.66433253698051,8.97667867923155,9.88214236684144
-16.0176623542793,33.5229284130037,-5.6818191553466,8.74792301212437,3.87884794734418
-11.9699448812753,82.3944246396422,-4.51976249087602,8.68450490152463,8.13932578312233
-15.3523661056533,22.003285982646,-8.58832639735192,8.49474700214341,2.69485910190269
-11.7955573927611,76.6123738372698,-6.56635949248448,8.05451729823835,4.77492125006393
-14.5188649441116,56.0707851080224,-7.96830344107002,8.7811393905431,1.99085897533223
-13.1705335178412,42.3455537762493,-5.36869052192196,8.34628991200589,7.46123761404306
-11.1617467040196,83.8569788262248,-2.42257967451587,8.02217671019025,5.61074872734025
-11.8610215676017,28.7320587551221,-4.74960342841223,8.62277454300784,2.15831953799352
-17.2973009664565,47.0720700686797,-8.27807404659688,8.12962185335346,1.97264639195055
-14.1187207121402,78.0844533350319,-2.12858808552846,8.17984821554273,0.576949927490205
-14.1404968174174,8.27168372925371,-0.472139719408005,8.63638011342846,3.45344182103872
-14.8031012900174,39.4517550244927,-0.327824471518397,8.16873236116953,6.22051814803854
-14.2749446560629,9.56614073365927,-8.10918140551075,8.362082274165,1.7361462675035
-11.3649036013521,13.333323597908,-8.86961886752397,8.22092450479977,0.0589628517627716
-18.2467940635979,22.1126178046688,-4.7674392987974,8.82761302217841,0.825298975687474
-15.9230424254201,27.4119541049004,0.73258450627327,8.00364273996092,1.90006461227313
-17.9439697763883,29.9059249693528,-4.00931912334636,8.15751587809063,8.3025781949982
-17.6903242571279,37.4786772532389,0.94652604451403,8.93720426643267,3.97548571927473
-19.1805641725659,49.1452492540702,-4.05118178203702,8.76543727237731,0.9383629495278
-18.6262977705337,87.8602623473853,-7.76964398659766,8.82163318200037,8.89846845064312
-13.1697523780167,74.8729828745127,-3.39614238450304,8.25180109380744,5.29108534101397
-12.5926057598554,95.5186023144051,-6.60707473149523,8.11755572329275,8.25877873692662
-17.4226645193994,33.1920213066041,-1.74749472271651,8.13284558057785,2.84954386064783
-17.4736111680977,82.4162796372548,-1.13972604833543,8.41936002415605,7.78178108856082
-19.179040340241,13.266538339667,-4.50218114396557,8.36587251024321,1.44925018772483
-17.9319120920263,12.4696853803471,-4.30920080840588,8.14477343950421,2.27076882263646
-11.3332961825654,72.8109711781144,-4.98139976151288,8.51985087874345,6.02303331252187
-12.8774975216947,54.842082853429,0.0237551205791533,8.74579037749209,8.92307948321104
-11.9467614381574,60.8517412794754,-3.36311590252444,8.10978319356218,6.45475828321651
-17.8410938265733,12.294670054689,-2.09003323549405,8.36960247624665,4.32649662252516
-11.2887216173112,87.6434698933735,-5.67725763050839,8.22243185760453,8.97004595026374
-11.2908928352408,84.2348815640435,-8.05135893728584,8.89697397057898,9.45567960385233
-10.7225311128423,4.62378135416657,0.37903824262321,8.10634878231212,6.27494607819244
-10.5312948348001,70.7018328597769,-2.28980936203152,8.83899958711118,0.830180277116597
-15.3187443641946,53.4791055135429,-8.85005908412859,8.84536951896735,4.44935545325279
-11.1230824165978,94.5457234047353,-7.86886231601238,8.02691652090289,3.61600795295089
-17.4318771972321,91.2029979052022,-0.522091424558312,8.76534820673987,9.95372242061421
-17.3131547728553,45.5978516489267,-4.53180558141321,8.27482523932122,4.99348921235651
-18.8511768705212,76.5520478598773,-4.98119610687718,8.15091262711212,2.57754252990708
-15.1711105555296,50.504457950592,-4.67785797873512,8.09869777108543,7.2443926660344
-18.519309849944,20.2548482920974,-2.36395586142316,8.71135447616689,1.57886233646423
-14.4279626826756,71.7138722306117,-7.17630674922839,8.45621763146482,3.15457477234304
-11.5788010042161,76.8076964421198,-0.616612400393933,8.39913703268394,2.96285540563986
-14.4232463883236,70.6377045251429,0.173729750327766,8.6159530421719,6.79472859716043
-19.677336672321,19.162413617596,-1.01698936754838,8.13277010968886,4.56040302291512
-14.8458792944439,29.7899801051244,-3.96943718288094,8.08064160682261,0.193868076894432
-12.524584394414,32.5131266377866,-6.45540502946824,8.66319454158656,7.2589020524174
-12.5968998018652,57.1876234840602,-2.32754564238712,8.79354089894332,3.27067736536264
-15.4201594088227,88.2491525495425,0.41099374787882,8.37336643459275,6.61238310392946
-16.4987583761103,87.7103376435116,0.80761029291898,8.7988871508278,3.55062269838527
-13.3641913230531,38.5852537117898,-8.47702726116404,8.81061906577088,4.57890100311488
-10.609497462865,73.7772154854611,-5.17595478659496,8.86461630440317,5.84985212422907
-14.5131085021421,79.631936410442,-0.938224132172763,8.42274986486882,1.95843349676579
-18.3875503344461,72.4161460762843,-3.52112301019952,8.09587218076922,2.58955005090684
-15.7463733432814,38.543858891353,-5.95535478414968,8.88259412697516,8.70197948301211
-13.5335037740879,29.8152282601222,-4.97695173462853,8.28866981645115,1.19268352165818
-15.4742607823573,5.747115239501,-8.72404213622212,8.30510822217911,8.20240393979475
-18.9271859382279,67.3692964250222,-0.510063128080219,8.81610517483205,5.72184158721939
-14.8999057058245,19.7991926921532,-8.68966297339648,8.58688840665855,2.34416361432523
-11.7163211316802,62.5107899075374,-2.47708168439567,8.66273779608309,5.74020444182679
-15.4303099401295,13.8182840542868,-3.03158895205706,8.64441843493842,7.53889027517289
-19.6146769588813,37.3078520642594,-5.87388961901888,8.22826976026408,1.02879016892985
-13.1368382205255,31.4089832827449,0.869101003278047,8.60991917760111,6.73675709869713
-18.2051454810426,81.5184899838641,-0.710730609484017,8.48634364758618,1.13186893984675
-13.0705440044403,36.8318096967414,-2.92282069893554,8.58001913549379,8.52039719931781
-11.8545358115807,43.9644126221538,-7.61887364182621,8.81267201015726,3.98951518349349
-10.4834677674808,43.9058027463034,-0.290728377643973,8.49481528205797,5.59471349930391
-12.4567414727062,60.1828285725787,-3.22912257025018,8.08203323325142,4.8549236333929
-13.5110692214221,40.3906936291605,-1.00827429303899,8.46379992482252,1.26920990180224
-11.5902238176204,95.8318280987442,-8.71803793916479,8.59837177931331,8.38560998672619
-13.0409799679182,97.0767963677645,-6.43642259621993,8.91387840826064,7.88867928087711
-10.1754832477309,91.4528023218736,-1.43233086541295,8.04802477150224,6.6352159017697
-19.9655267922208,8.28737083356827,-0.70051695080474,8.8180953853298,2.33087536180392
-18.0439331266098,47.6859610993415,-3.76287751225755,8.08764482708648,9.53754566609859
-10.8658060175367,33.9135265909135,-2.6206240975298,8.27096794336103,7.00975871877745
-18.6993326968513,67.3435813980177,-4.12094394303858,8.84741211147048,5.85008417256176
-15.5458586337045,63.6485945200548,-3.18161401990801,8.9187085700687,9.52883459394798
-14.2137842183001,85.9278114512563,-7.996299772989,8.08204146940261,9.11848609568551
-10.6763681909069,94.8284424841404,-0.583860313985497,8.55756496684626,0.779745862819254
-15.6143795652315,57.3967065894976,-4.97506125224754,8.04272916959599,0.675545760896057
-10.7072189426981,53.5269055515528,-1.27395386202261,8.26088910526596,9.40845500444993
-12.1139193885028,94.1694442881271,0.514578504022211,8.18796424730681,1.67285892181098
-15.4962041345425,89.2355152172968,-6.34531018184498,8.5674171759747,9.11997902439907
-14.8198144836351,41.0306338686496,-0.707025016658008,8.06568149942905,1.68317597359419
-11.594698545523,5.00307474285364,-2.463389063254,8.43754854751751,2.98507910454646
-11.4957899507135,77.8269294649363,-1.0148491859436,8.5531025310047,0.385275734588504
-14.9927288037725,92.5961389672011,-7.13848545309156,8.54020079365,4.00801609968767
-19.405648780521,37.7477207919583,-1.4529242515564,8.25449272943661,6.12819163594395
-13.3423132658936,24.492099462077,-1.64079631539062,8.1651787229348,2.46404582401738
-11.8843432958238,8.76359085086733,-1.48214251361787,8.72778107784688,0.230281073600054
-12.6971617829986,39.1108496813104,-5.67385515524074,8.20615786034614,2.84214177168906
-15.3074407810345,18.2561425259337,-8.42451375769451,8.58646552613936,8.12892683548853
-10.2145022852346,13.3624784648418,-2.25584552483633,8.91354597755708,7.18918385216966
-17.987603074871,25.7462913403288,-8.58429826889187,8.20696660061367,5.29576743720099
-11.1033510020934,55.324704782106,-2.56436968082562,8.83181715733372,1.84337243903428
-15.3979828581214,14.8069276474416,-6.00395493069664,8.30890874634497,6.71622128691524
-15.7123389746994,96.2896824115887,-5.06568919494748,8.18842248083092,4.24525320297107
-16.1895154695958,94.4522878853604,0.235042622312903,8.51894471747801,5.61665425775573
-17.148536934983,99.2285794112831,-2.2078220625408,8.18403562041931,4.42788380896673
-11.2330057867803,70.6210570642725,-1.82453691819683,8.22427810844965,9.33068161131814
-13.1104961875826,14.0778355766088,-1.82863378990442,8.95758584933355,4.61532888002694
-19.4573916262016,0.898262416012585,-6.71827941061929,8.19311433448456,6.28983476897702
-15.000250923913,68.6495538568124,-4.91226059943438,8.97187167289667,5.71991521632299
-11.352304990869,68.1218191748485,-3.28886037087068,8.9307221872732,6.84094261145219
-18.6925782053731,91.7510882485658,-0.205498510971665,8.21853773668408,9.44819680182263
-12.0504961209372,40.8421214204282,-3.05321973143145,8.35925185540691,0.337891399394721
-19.2504589096643,42.2439390094951,0.181451457552612,8.0964060225524,3.25875232229009
-18.867535982281,53.7320081843063,-5.48616273654625,8.86730756075121,8.04666881682351
-11.36295825243,41.3646463071927,-6.46011592447758,8.99564836523496,2.1334158629179
-17.8534944215789,9.76446585264057,-1.85888453247026,8.5721141549293,3.94593054894358
-14.5330341416411,38.0267640342936,-6.81529511557892,8.59080993104726,7.85902559524402
-11.3574241939932,19.8000577511266,-4.56634346488863,8.70033171912655,0.219268156215549
-18.8522103684954,72.5024226354435,-2.03787318058312,8.57407163432799,6.48202572017908
-13.3671354013495,1.10090409871191,-2.26495857909322,8.16328145051375,5.74985570972785
-13.1927411514334,91.8857760028914,-7.19460825528949,8.53034480614588,5.93201405368745
-14.0378281474113,90.0228734128177,-1.68254823517054,8.49920387449674,5.9286339301616
-14.7907730704173,75.4153864458203,-5.73437017481774,8.9199685708154,7.22735852235928
-13.6790182022378,95.1921815052629,-5.47575408685952,8.45252586365677,7.52235888503492
-14.6569056762382,62.558709224686,-1.11006816709414,8.42397989751771,0.789852535817772
-10.4989215289243,65.5950521118939,-5.35462930658832,8.07704606908374,7.29152365820482
-11.8735671159811,38.1375617580488,-6.16839065309614,8.92777139693499,8.56176081113517
-19.826594137121,6.56056352891028,-6.39380405517295,8.31308954604901,7.12299736449495
-13.2827406958677,69.0880850423127,-8.73080223659053,8.41268036141992,6.75056025385857
-11.7099639051594,12.7483867341653,-2.43707303749397,8.39478586637415,9.76478723343462
-14.8825489450246,29.1318518575281,-1.53220096928999,8.69327181554399,8.29277235781774
-10.1868741167709,63.2220890838653,-2.68854492204264,8.5921928237658,9.47281446773559
-13.3948508370668,39.0023997751996,-8.45481900591403,8.15068568685092,2.74747267598286
-10.2966337557882,7.04256598837674,-3.72715135430917,8.34242418664508,5.74128219392151
-18.6722866306081,86.3572930917144,-8.12227525142953,8.56768110208213,0.327419599052519
-17.3170759971254,38.5190207045525,-6.29712470900267,8.75993934669532,4.43762442329898
-13.1526079680771,67.0760133769363,-8.98727471800521,8.88506002468057,3.1398377334699
-13.8645401177928,2.11963022593409,-1.93485651956871,8.73870474216528,2.27591323899105
-13.3244599052705,59.5228760736063,-1.02919642673805,8.43509942572564,1.82243898743764
-10.8977797115222,27.6241161162034,-7.65707124117762,8.02046795235947,8.32913151942194
-17.5705560250208,39.9126905016601,-3.00869520846754,8.90016212267801,9.86884094541892
-16.029684972018,14.5815429510549,-5.4078631112352,8.12503827433102,1.89692932646722
-11.4539997256361,82.4081728467718,-2.21935440413654,8.99680625041947,3.39632399380207
-10.3251748345792,14.0409882646054,-5.34069929132238,8.06462285271846,4.60953433299437
-14.8376814159565,90.9047515131533,-0.991134339477867,8.82688428275287,4.14620992727578
-14.4456952787004,89.9924811441451,0.870302753988653,8.35600236314349,8.45980454934761
-10.6038558995351,19.2349253920838,-4.16739296494052,8.40182967041619,8.56104152742773
-13.2750602206215,53.229026379995,-8.21298515750095,8.96708683110774,4.51587253715843
-18.7842904729769,52.2124740527943,-7.65544943371788,8.5384298642166,7.3248516372405
-19.3060488626361,16.033573099412,-0.0566440224647522,8.63046103157103,6.75966499838978
-13.921784569975,51.9567017676309,-1.86453416803852,8.33216929831542,7.49547549989074
-11.58846774837,22.4503509234637,-0.258327583782375,8.10292161325924,9.59223829675466
-13.1994760106318,28.1511990353465,0.0377487079240382,8.98532182141207,9.95777110336348
-13.0696562025696,50.3687579883263,-4.22700041299686,8.66940787970088,9.80353942140937
-11.0781125444919,15.8960648812354,-8.33221414452419,8.00154429720715,5.65966537920758
-19.7933430341072,92.0630739303306,-1.80120953684673,8.36588712432422,9.16000554570928
-14.9690342810936,49.9029459664598,-6.28070973185822,8.53223458281718,9.71621370408684
-10.9307467192411,61.5344077115878,-5.73419651575387,8.55532276839949,9.6342767146416
-12.117736581713,74.3930876953527,-5.14950373070315,8.54384995275177,6.00143445888534
-19.3050074623898,61.681821080856,-5.69290402671322,8.54976344015449,1.96057838154957
-12.9684640676714,93.0141045944765,-8.01419685455039,8.58451135642827,0.722795305773616
-16.5321824885905,8.03784660529345,-3.1882122377865,8.06269371742383,4.07644767081365
-19.0107047790661,2.81211910769343,-1.43807916529477,8.05963800405152,0.12965336907655
-19.9079579324462,54.1528468718752,-3.82995849568397,8.89735282189213,9.89314939361066
-14.3033322133124,24.1202568868175,-6.25474204169586,8.58558857114986,7.4205166939646
-13.9377692225389,64.483752194792,-4.55382224963978,8.82494088518433,8.04316713940352
-11.4190889545716,37.7736799186096,-0.0439372155815363,8.57442989968695,1.58836833899841
-12.7980669634417,4.68536866828799,0.212825756985694,8.33536256849766,8.1787041714415
-15.6482222257182,4.81404992751777,-3.78663578163832,8.89591657673009,5.16739642713219
-19.3513950542547,96.2842692388222,-1.34137011924759,8.06885241973214,8.95044849952683
-13.5840014507994,22.6466750493273,-1.33278478030115,8.69969301158562,9.62219470646232
-18.4200718090869,1.13935696426779,-0.617703014053404,8.05469224881381,7.65419195406139
-17.2240921435878,21.8475638190284,0.407496901694685,8.86767209880054,6.35772954672575
-17.5073598930612,5.59375686571002,-4.77214549761266,8.82290727389045,9.53421196900308
-19.2398845218122,23.4972146805376,-2.95264110993594,8.16915690852329,3.87018852867186
-10.0237810681574,40.2696270029992,-6.79802177101374,8.81592654483393,2.49054251238704
-11.604299149476,1.43044360447675,-0.408012895844877,8.45049708127044,0.271411687135696
-13.9927295129746,36.1763168359175,0.276927723549306,8.25199023890309,3.51348454132676
-16.7531957733445,58.4499739808962,-3.16561497142538,8.57602621498518,2.11667409399524
-14.8037201631814,60.5793738272041,-2.41155063360929,8.68363331072032,3.14149010227993
-15.3382878075354,26.3718613190576,-8.34691528789699,8.60727250878699,2.82436719164252
-13.1695015728474,67.514867708087,-6.55452436162159,8.67276569991373,2.94164364458993
-18.1475759018213,93.5806215973571,-3.91063542664051,8.24389928509481,7.53077367553487
-12.9221952124499,0.359140639193356,-3.85056831268594,8.95292408205569,4.20889667468145
-14.091320913285,78.6971174879,-1.36336655914783,8.93045280873775,6.85614478774369
-10.9091830765828,80.6933146901429,-6.32148485723883,8.69956018356606,9.50213899137452
-17.9859663802199,7.30383845511824,-2.1225908966735,8.27034595166333,5.05570412613451
-13.5978524968959,56.699930364266,-3.42274456610903,8.97335328860208,1.89557251986116
-10.4048757674173,53.9190846029669,-4.69023394491524,8.053230100777,5.71519382297993
-10.4108633985743,13.7675155187026,-0.390849559102207,8.59871175792068,6.73393498873338
-19.5443423837423,27.6332648936659,-7.88330900575966,8.65633831406012,3.86626196326688
-13.7334124487825,35.1843506796286,-5.83694957522675,8.77266510226764,9.66707693645731
-18.0641966755502,81.2805236317217,-1.59010698180646,8.74683255748823,5.12057083891705
-19.1005900898017,17.1541348099709,-3.53388011083007,8.84160597063601,0.368830231018364
-14.4007621286437,52.1162092685699,-7.2028611865826,8.82744764443487,6.07063695555553
-15.7633650302887,76.4622842427343,-2.18371780915186,8.46885894890875,8.16603644751012
-10.7366779516451,28.8755647372454,-7.94682898651809,8.17200778471306,6.733413124457
-11.6462739440612,43.6778316041455,-6.11417109472677,8.98296048259363,1.56521162251011
-17.3989077587612,66.945075779222,-1.75945891393349,8.40195561759174,9.66197269037366
-14.7571101272479,3.69237822014838,-8.546088417992,8.76616154448129,9.24001825973392
-16.8552095326595,56.0646349098533,-7.91176797449589,8.09201697469689,1.33063977584243
-19.5151494280435,93.2383237173781,-4.82371992059052,8.89540656027384,7.88630624534562
-14.9746448756196,43.4622491942719,-3.03474294347689,8.80087861884385,9.29867836181074
-14.7050062660128,93.6232616892084,-7.02794371265918,8.62933763698675,6.45118896849453
-15.6019195006229,97.8302628034726,-3.98894062591717,8.63596602366306,7.49052939936519
-16.5251012053341,67.6762288669124,-0.752781651448458,8.90182053204626,4.58669424289837
-12.7957349875942,29.8268895363435,-8.07945577986538,8.8195791952312,0.611334117129445
-19.7990758949891,20.8253394579515,-4.29590970138088,8.4989343623165,0.334110567346215
-16.4386410801671,31.8896428914741,-0.190604877192527,8.72849730006419,3.90871925745159
-15.8257843577303,85.4374968446791,-4.64271304290742,8.78095582965761,1.88185991486534
-16.1587102594785,6.10599068459123,-6.23344168625772,8.27174365147948,2.64562265248969
-19.2514029447921,18.204610561952,-8.42865407560021,8.71458094473928,2.00633340748027
-13.900228952989,48.3836601022631,-0.150738797150552,8.57128949230537,1.75409865332767
-12.8791968501173,33.8283574208617,-7.52114560781047,8.89149670558982,8.96244295174256
-10.9073596470989,81.3362698070705,-5.82618516497314,8.02816916117445,0.620381885673851
-13.2203390402719,87.0432480005547,-2.19384015863761,8.67899789870717,4.11132088629529
-17.5827011256479,1.9161278847605,-6.17373657273129,8.69249897426926,3.10617058770731
-11.0441292962059,82.4748182203621,-4.75257887365296,8.57104012882337,4.30710644926876
-17.102778526023,40.1268495246768,-4.12455353047699,8.83370224619284,3.31650567008182
-19.6647738362662,67.2058288240805,-6.58584378520027,8.29480860754848,2.38232882460579
-12.0149122620933,11.8672215612605,-5.39849666506052,8.1905864791479,3.73141391901299
-11.0848865448497,47.6424339460209,-8.30845288094133,8.1690955189988,4.90697236265987
-10.5540217878297,92.5339963752776,-5.39304768992588,8.01633870927617,0.19646106986329
-18.2972351508215,57.4839341687039,0.829791560769081,8.11466371105053,0.295118873473257
-15.8119775657542,91.2751579657197,-7.09937065467238,8.06390092498623,6.70575389638543
-14.700923752971,75.5301924189553,-0.28107616212219,8.80544449086301,8.2454845472239
-13.6501412000507,63.0999924149364,-7.87415417935699,8.13282883609645,7.7227236633189
-12.8012462728657,79.4420650461689,-7.05911149363965,8.09022940928116,7.66766002168879
-15.997158549726,92.3546462319791,-1.69843418616802,8.8926941503305,7.85131817916408
-18.1856961292215,16.4468809729442,-6.29752098908648,8.7338453179691,9.17786576785147
-10.9783228044398,19.2883944371715,-6.89937194669619,8.50138909183443,7.79569620732218
-19.6368952607736,9.7642665496096,-3.17465746868402,8.27660840190947,4.20589276356623
-11.6873644338921,82.9109395388514,-8.15659890277311,8.10789611446671,5.79457685584202
-10.8608340588398,80.5863957852125,-4.28094150358811,8.84702628245577,7.97699314542115
-18.6121069570072,27.9269986320287,-5.94219997851178,8.71079171844758,9.28995416499674
-15.2479060203768,44.9029579060152,-0.0929741384461522,8.80525159393437,1.13313327543437
-16.5681087528355,62.5878707272932,-6.8841550112702,8.01451240759343,1.90391227835789
-12.2951937280595,37.0921416208148,-3.78974362369627,8.25362620223314,7.71166516235098
-17.2122603142634,38.231894839555,-8.85838586231694,8.40244464785792,1.09985600924119
-14.9075039499439,91.448087641038,-3.7318340651691,8.33160542557016,6.26569397747517
-19.6525559248403,39.0297754667699,-5.14450301975012,8.86711506382562,6.32257328135893
-19.0694248047657,7.02937594614923,-8.98466151300818,8.17498106812127,8.66618612315506
-15.512505278457,70.7506610779092,-3.33616524329409,8.36629841430113,6.70329818734899
-10.7559909950942,69.299681391567,-4.52174078300595,8.02779243723489,8.46696275519207
-10.2270001126453,9.61472901981324,-2.8411444821395,8.90412818244658,2.27677751332521
-15.1323952781968,3.69032295420766,-8.49786762939766,8.84107600618154,1.33222223259509
-16.3072615163401,40.0940120918676,-2.47255295608193,8.9636989433784,5.14600465307012
-14.1877162433229,1.15372252184898,-5.76987402606755,8.61596286762506,6.82708673877642
-18.7926594517194,56.7891015904024,-7.41548809316009,8.12143661244772,6.26769614871591
-11.0798707301728,94.4949925877154,-6.88125716615468,8.92536424635909,9.72091135103256
-19.8027869639918,34.3302177265286,-5.27684591570869,8.12460144842044,6.47907044738531
-12.649666313082,24.4498279877007,-2.2631199201569,8.55607953481376,2.92653548764065
-10.8427752321586,54.16769774165,-7.43356480821967,8.18023877637461,8.09636211488396
-13.8590717571788,11.7704377975315,-4.9623344312422,8.98828905634582,7.75337664643303
-11.2489582714625,37.4908455181867,-6.3742647562176,8.70150294015184,8.24690157780424
-15.8155422168784,32.7511116862297,-5.50400660699233,8.25469309370965,5.56943126488477
-12.4014960811473,94.7205751203001,-7.86829982278869,8.79816336208023,0.0757428840734065
-17.2188788861968,91.057491232641,-6.06630127504468,8.37429453828372,4.65134131722152
-11.4592869067565,76.2444715481251,-7.67888173786923,8.8866948930081,9.58005350083113
-11.5283877030015,75.8074916200712,-4.41800518753007,8.13653665501624,7.64730863971636
-12.5922267022543,99.8490834375843,-1.64386167516932,8.9031090894714,6.75805958453566
-17.7788626006804,58.0401404760778,-8.46150843286887,8.90234814304858,8.36327896919101
-14.2646629968658,21.3284181430936,-5.07389500131831,8.85897650127299,2.84216663101688
-10.6004833616316,13.3551898412406,-0.584469021763653,8.5318977504503,3.10532049974427
-11.148325370159,79.2282316135243,-5.02121104020625,8.8263401768636,1.32505701156333
-14.8275689734146,98.1905837310478,-4.43629887280986,8.93509841547348,5.95933250617236
-19.7917358390987,98.2048792531714,0.581453753635287,8.56488828686997,8.17284323973581
-18.1151678692549,12.5443475088105,-1.24106007022783,8.39451382984407,7.73379351710901
-15.4291281709448,61.8285143980756,-4.2328187902458,8.18723310693167,6.28580471733585
-10.7236708700657,85.8186804223806,0.845697295386344,8.88349956157617,1.06742960866541
-14.6648524608463,13.9387535862625,-6.04388222424313,8.23387003992684,8.59503190498799
-13.3990564593114,36.6580521455035,-7.18660584976897,8.94432681752369,9.27607612451538
-16.8991860514507,15.7130227191374,-1.27445265743881,8.65821522381157,4.75952162640169
-15.1415737206116,44.7839834261686,-0.292773047462106,8.15953236958012,1.78493644343689
-15.1492301560938,48.5874579288065,-5.86962191946805,8.95386434555985,4.03801770880818
-15.4551435401663,95.0203040381894,0.142650156281888,8.15530826011673,9.73730750381947
-14.4745733006857,90.4753880109638,0.151094907429069,8.95599408401176,9.87500637769699
-10.838848403655,94.0164701780304,-0.925015945453197,8.65234625036828,5.34573554061353
-19.3013369175605,77.3493236629292,-5.47162996698171,8.02704178239219,0.208755335770547
-10.1644818624482,9.22109857201576,-2.2442690548487,8.42288096318953,2.81880288384855
-14.1409239941277,1.62434296216816,-6.31103106634691,8.20214104908518,6.52069763280451
-12.2697609337047,33.3509586984292,0.577303237747401,8.62004754762165,9.27903201896697
-10.9964058734477,24.1853092331439,-7.78621834563091,8.92206980870105,6.49812141899019
-14.8292387509719,79.2070718249306,-5.77025448996574,8.57681851484813,5.424345578067
-16.5012867143378,49.6387037681416,-2.71213768608868,8.14363949862309,6.69558935565874
-19.2132977838628,51.3879090314731,-6.58070504292846,8.36508478643373,9.55441518919542
-13.6260180710815,7.24018786568195,0.287453859578818,8.05330955400132,7.11625912692398
-18.5513499006629,34.5139099750668,-3.07198519445956,8.1155659626238,3.39871094562113
-13.0090615153313,75.6324941292405,-5.39083292568102,8.72568393265828,3.91117981402203
-14.6566242515109,38.5119045618922,-2.9164171135053,8.16814660234377,3.00987772410735
-11.4273066492751,0.692103989422321,-2.96865949966013,8.95844903425314,8.78251001238823
-18.0771899363026,71.8439230229706,-0.189967859536409,8.06045939377509,4.13757398957387
-16.6580763179809,55.6969332275912,-2.69443029398099,8.97347443853505,0.0705841090530157
-10.6194097991101,7.00826265383512,-0.34127406636253,8.49218910792843,0.815786903258413
-14.309255683329,34.7816531080753,0.225149168632925,8.70292110671289,2.1024648915045
-13.9685508143157,41.3005554582924,-3.31221208767965,8.72383117116988,6.70603994047269
-16.9695675140247,31.1655198922381,-1.53384644398466,8.76413458888419,4.52580416342244
-16.5931965061463,73.7567968200892,-5.08036848483607,8.87942701671273,4.2799242422916
-14.0735070966184,38.8340283883736,-7.58511367114261,8.71229213196784,5.6482590874657
-13.0692022037692,61.9424278149381,0.451186908408999,8.2450079920236,0.46474102884531
-12.5510734505951,62.3541267821565,-6.57067865226418,8.49278474831954,6.57804844900966
-16.7256815335713,80.2412331104279,-8.77754320483655,8.75764875486493,7.03732504276559
-18.943934335839,65.4067937284708,-6.72205690387636,8.00037347851321,7.38699113950133
-18.4573615621775,67.9453118005767,-6.6353223528713,8.08383349352516,5.54627584991977
-13.9290185691789,41.0754823358729,-3.43708699662238,8.77658283035271,0.657110502943397
-10.7905053999275,66.3253142498434,-2.37294057244435,8.29352264618501,5.7244666130282
-18.2842305698432,2.71177776157856,-4.01574703492224,8.34781478042714,5.03060101298615
-10.7289182487875,81.5928964642808,-7.84426690870896,8.6491176309064,4.54938662005588
-11.1476267757826,7.50427790917456,-2.56459920527413,8.84372869203798,6.99919157428667
-16.399842700921,90.0965292239562,-2.72849526349455,8.06907469732687,4.08126826630905
-13.2056620018557,7.082723476924,-6.44519773870707,8.26533841411583,9.07635769573972
-11.887495261617,19.1123383352533,-6.64245243743062,8.71032029367052,2.31528286123648
-13.9382964116521,77.6929248124361,-5.46670402027667,8.05106883775443,4.54790227347985
-18.6202601599507,20.3133503673598,-5.92795309238136,8.33548082481138,7.91045646183193
-13.4791140654124,40.3764510527253,-1.29237576015294,8.89347871998325,9.45106304250658
-10.0143389846198,44.6180628146976,-6.71599316736683,8.22802984528244,7.77686411514878
-19.1128445370123,60.6295468751341,-4.39671737002209,8.57196434470825,3.89152683550492
-19.5172344893217,57.644574274309,-0.619734282139689,8.19104523956776,8.56090185465291
-14.9091898300685,5.95067664980888,-6.43537469301373,8.99976323917508,4.80101780267432
-14.6365171531215,18.2665084954351,-4.39625620702282,8.50184964295477,1.46676274482161
-15.9647204680368,29.6121661784127,-0.657332181930542,8.82005951134488,5.63643799629062
-19.0605095727369,37.6079086214304,-5.69730211142451,8.63709835428745,1.59872031072155
-11.7300117900595,71.3095941813663,-3.94615916861221,8.8527973475866,3.07699922705069
-17.8588107670657,12.5148585997522,-1.2833286691457,8.68710577278398,7.90051663294435
-12.3293438460678,42.923343507573,-7.20306734880432,8.7775142188184,7.62985198991373
-15.7704820903018,3.03770385216922,0.927526311948895,8.14665022399276,8.40777333360165
-18.4087703330442,45.4168669413775,0.563382593914866,8.27312550717033,0.891855610534549
-11.3220377685502,79.4308127136901,-3.82715809252113,8.26042109867558,3.22381964419037
-18.958911895752,47.1276496304199,-7.78616986097768,8.35553118679672,4.97748559806496
-14.5013734116219,23.6389610683545,-3.36943888664246,8.26093069114722,1.86190746491775
-18.9414253784344,88.703501666896,-8.6254673646763,8.85538809932768,2.94411463662982
-12.4854518054053,12.5952785136178,0.540757413487881,8.73485925025307,6.22162791201845
-10.8369529363699,26.9311398966238,-8.8787460452877,8.85431261057965,2.92164040263742
-10.4864107468165,88.2458147127181,-3.23366301227361,8.7343055375386,1.09013366745785
-19.7981586703099,75.0519821885973,-1.57482587127015,8.72004397539422,8.75225476687774
-14.8416774114594,9.76929415483028,-7.1133275385946,8.98333927476779,6.92374812439084
-18.4539303393103,81.5567015903071,-6.02925279736519,8.1619273647666,8.53650610428303
-14.1629360453226,85.8393028844148,-4.53013347554952,8.7661798784975,9.53922197921202
-14.8934254283085,11.7157299770042,-5.08556736260653,8.95396922249347,9.44981466513127
-11.8328781751916,13.7397162383422,-2.42956617474556,8.26590718864463,0.199949410744011
-17.5916146789677,54.8256997484714,-2.86050819419324,8.08583757001907,3.95968255354092
-13.0514330253936,5.9029650175944,-1.71192280808464,8.22892575245351,2.64537950977683
-11.6567824711092,49.5523291174322,-5.79565467406064,8.33242952288128,5.12923778500408
-10.3280914295465,0.741752306930721,-7.5580334533006,8.95179900876246,7.61394624365494
