changed_parameter,m,nu,q,omega,lambda,mcmcIter,mcmcBurnin,Fit time,Prediction time,In-sample RMSE,Out-of-sample RMSE
m,20,6,0.85,3,25,1200,200,6.761,7.616,0.192,0.193
m,25,6,0.85,3,25,1200,200,7.996,9.334,0.187,0.187
m,30,6,0.85,3,25,1200,200,9.879,11.814,0.186,0.188
m,34,6,0.85,3,25,1200,200,11.323,13.338,0.182,0.182
m,39,6,0.85,3,25,1200,200,12.821,15.229,0.184,0.186
m,44,6,0.85,3,25,1200,200,14.451,15.964,0.182,0.185
m,49,6,0.85,3,25,1200,200,16.43,18.557,0.179,0.183
m,54,6,0.85,3,25,1200,200,17.939,19.505,0.181,0.185
m,58,6,0.85,3,25,1200,200,19.462,21.72,0.18,0.185
m,63,6,0.85,3,25,1200,200,20.813,23.356,0.177,0.182
m,68,6,0.85,3,25,1200,200,22.468,26.168,0.175,0.183
m,73,6,0.85,3,25,1200,200,24.475,28.135,0.174,0.181
m,82,6,0.85,3,25,1200,200,27.212,31.188,0.17,0.179
m,92,6,0.85,3,25,1200,200,30.368,34.434,0.17,0.178
m,97,6,0.85,3,25,1200,200,31.949,35.768,0.166,0.173
m,87,6,0.85,3,25,1200,200,31.204,36.852,0.171,0.179
m,78,6,0.85,3,25,1200,200,40.703,33.785,0.169,0.176
m,106,6,0.85,3,25,1200,200,35.734,40.31,0.168,0.178
m,111,6,0.85,3,25,1200,200,36.74,42.185,0.16,0.174
m,116,6,0.85,3,25,1200,200,38.072,42.693,0.158,0.168
m,126,6,0.85,3,25,1200,200,42.522,48.905,0.167,0.177
m,130,6,0.85,3,25,1200,200,43.53,49.973,0.163,0.174
m,102,6,0.85,3,25,1200,200,37.139,58.67,0.168,0.176
m,121,6,0.85,3,25,1200,200,41.117,55.637,0.166,0.177
m,135,6,0.85,3,25,1200,200,46.216,53.842,0.164,0.179
m,140,6,0.85,3,25,1200,200,51.869,60.82,0.16,0.172
m,159,6,0.85,3,25,1200,200,53.014,60.418,0.159,0.175
m,145,6,0.85,3,25,1200,200,54.493,63.116,0.164,0.178
m,154,6,0.85,3,25,1200,200,56.382,63.6,0.158,0.17
m,164,6,0.85,3,25,1200,200,55.581,65.103,0.156,0.167
m,150,6,0.85,3,25,1200,200,56.368,65.349,0.161,0.173
m,178,6,0.85,3,25,1200,200,61.103,69.564,0.158,0.175
m,183,6,0.85,3,25,1200,200,62.945,70.978,0.156,0.171
m,169,6,0.85,3,25,1200,200,71.476,66.534,0.16,0.176
m,174,6,0.85,3,25,1200,200,73.838,68.819,0.156,0.169
m,188,6,0.85,3,25,1200,200,73.911,72.222,0.156,0.167
m,207,6,0.85,3,25,1200,200,70.964,81.976,0.154,0.169
m,212,6,0.85,3,25,1200,200,71.434,82.175,0.15,0.166
m,193,6,0.85,3,25,1200,200,72.728,85.387,0.154,0.172
m,198,6,0.85,3,25,1200,200,74.334,86.743,0.156,0.172
m,202,6,0.85,3,25,1200,200,75.144,87.352,0.155,0.173
m,217,6,0.85,3,25,1200,200,78.121,85.58,0.151,0.168
m,231,6,0.85,3,25,1200,200,78.021,92.774,0.151,0.17
m,241,6,0.85,3,25,1200,200,81.539,95.164,0.151,0.168
m,222,6,0.85,3,25,1200,200,83.332,96.726,0.155,0.172
m,226,6,0.85,3,25,1200,200,84.914,97.724,0.154,0.172
m,250,6,0.85,3,25,1200,200,85.123,99.757,0.147,0.165
m,236,6,0.85,3,25,1200,200,79.408,105.437,0.147,0.163
m,246,6,0.85,3,25,1200,200,86.928,100.669,0.15,0.169
m,255,6,0.85,3,25,1200,200,86.963,101.566,0.149,0.171
m,260,6,0.85,3,25,1200,200,88.695,103.335,0.15,0.171
m,289,6,0.85,3,25,1200,200,97.388,113.935,0.145,0.166
m,265,6,0.85,3,25,1200,200,98.945,116.443,0.144,0.164
m,279,6,0.85,3,25,1200,200,99.484,117.052,0.149,0.168
m,270,6,0.85,3,25,1200,200,102.222,119.358,0.15,0.17
m,274,6,0.85,3,25,1200,200,104.781,125.676,0.149,0.171
m,313,6,0.85,3,25,1200,200,107.111,126.007,0.144,0.167
m,284,6,0.85,3,25,1200,200,108.168,126.492,0.149,0.17
m,318,6,0.85,3,25,1200,200,109.078,127.954,0.143,0.165
m,308,6,0.85,3,25,1200,200,107.781,130.687,0.147,0.171
m,298,6,0.85,3,25,1200,200,112.512,134.314,0.146,0.164
m,294,6,0.85,3,25,1200,200,123.188,123.702,0.147,0.166
m,303,6,0.85,3,25,1200,200,114.917,135.688,0.144,0.168
m,322,6,0.85,3,25,1200,200,114.697,139.655,0.144,0.166
m,327,6,0.85,3,25,1200,200,113.074,134.611,0.146,0.169
m,332,6,0.85,3,25,1200,200,113.836,133.971,0.142,0.166
m,337,6,0.85,3,25,1200,200,114.782,136.074,0.145,0.169
m,342,6,0.85,3,25,1200,200,117.105,137.426,0.141,0.165
m,346,6,0.85,3,25,1200,200,117.814,140.837,0.14,0.163
m,351,6,0.85,3,25,1200,200,120.511,141.87,0.142,0.168
m,356,6,0.85,3,25,1200,200,121.091,141.411,0.143,0.166
nu,200,1,0.85,3,25,1200,200,67.273,79.059,0.156,0.174
m,361,6,0.85,3,25,1200,200,125.755,146.922,0.141,0.169
m,366,6,0.85,3,25,1200,200,125.728,147.663,0.142,0.166
nu,200,6,0.85,3,25,1200,200,67.965,78.748,0.155,0.17
nu,200,2,0.85,3,25,1200,200,75.375,88.219,0.155,0.17
m,370,6,0.85,3,25,1200,200,127.252,150.588,0.14,0.166
nu,200,3,0.85,3,25,1200,200,74.432,86.97,0.154,0.171
nu,200,4,0.85,3,25,1200,200,74.897,87.42,0.153,0.17
nu,200,7,0.85,3,25,1200,200,69.487,84.46,0.153,0.168
nu,200,10,0.85,3,25,1200,200,68.153,79.852,0.154,0.17
q,200,6,0.60798,3,25,1200,200,67.202,78.151,0.153,0.171
m,380,6,0.85,3,25,1200,200,130.296,154.195,0.139,0.162
q,200,6,0.60399,3,25,1200,200,71.429,78.957,0.152,0.17
q,200,6,0.61197,3,25,1200,200,68.434,79.063,0.157,0.173
nu,200,8,0.85,3,25,1200,200,76.152,88.068,0.155,0.169
m,375,6,0.85,3,25,1200,200,130.444,167.034,0.141,0.166
nu,200,9,0.85,3,25,1200,200,75.535,87.985,0.153,0.169
q,200,6,0.6,3,25,1200,200,82.189,81.212,0.157,0.172
m,385,6,0.85,3,25,1200,200,133.709,157.496,0.144,0.168
nu,200,5,0.85,3,25,1200,200,89.427,96.703,0.156,0.174
q,200,6,0.61596,3,25,1200,200,66.784,76.414,0.154,0.169
m,390,6,0.85,3,25,1200,200,134.298,156.547,0.136,0.159
m,394,6,0.85,3,25,1200,200,135.143,160.372,0.135,0.159
q,200,6,0.62394,3,25,1200,200,73.659,85.633,0.155,0.172
q,200,6,0.63591,3,25,1200,200,66.421,76.514,0.153,0.168
q,200,6,0.61995,3,25,1200,200,75.187,87.853,0.151,0.167
m,409,6,0.85,3,25,1200,200,140.234,163.91,0.139,0.165
q,200,6,0.62793,3,25,1200,200,74.545,87.753,0.153,0.171
q,200,6,0.64389,3,25,1200,200,68.033,79.533,0.157,0.173
q,200,6,0.64788,3,25,1200,200,73.88,77.697,0.156,0.169
m,414,6,0.85,3,25,1200,200,142.683,168.874,0.141,0.166
q,200,6,0.63192,3,25,1200,200,75.13,86.039,0.153,0.166
q,200,6,0.65586,3,25,1200,200,68.337,79.809,0.154,0.173
m,418,6,0.85,3,25,1200,200,144.658,171.968,0.137,0.162
q,200,6,0.6399,3,25,1200,200,75.951,87.949,0.153,0.171
m,399,6,0.85,3,25,1200,200,154.886,178.524,0.139,0.165
q,200,6,0.66384,3,25,1200,200,69.152,78.457,0.154,0.171
q,200,6,0.65187,3,25,1200,200,75.026,85.214,0.151,0.167
q,200,6,0.66783,3,25,1200,200,68.139,78.628,0.153,0.17
m,404,6,0.85,3,25,1200,200,154.684,179.939,0.137,0.163
m,423,6,0.85,3,25,1200,200,147.895,170.434,0.133,0.16
q,200,6,0.67182,3,25,1200,200,67.458,77.697,0.155,0.172
q,200,6,0.65985,3,25,1200,200,75.168,86.217,0.155,0.172
m,428,6,0.85,3,25,1200,200,148.096,176.472,0.139,0.165
q,200,6,0.67581,3,25,1200,200,67.222,78.938,0.152,0.169
q,200,6,0.6798,3,25,1200,200,67.103,77.22,0.15,0.167
q,200,6,0.68379,3,25,1200,200,68.487,78.263,0.156,0.173
m,442,6,0.85,3,25,1200,200,152.806,181.929,0.134,0.161
q,200,6,0.68778,3,25,1200,200,66.763,77.186,0.156,0.173
m,438,6,0.85,3,25,1200,200,163.829,180.454,0.137,0.165
q,200,6,0.69177,3,25,1200,200,68.244,79.962,0.157,0.174
q,200,6,0.69576,3,25,1200,200,67.999,78.713,0.157,0.171
m,452,6,0.85,3,25,1200,200,156.053,183.471,0.135,0.164
q,200,6,0.69975,3,25,1200,200,66.95,77.565,0.153,0.17
m,433,6,0.85,3,25,1200,200,163.506,199.65,0.137,0.163
q,200,6,0.70374,3,25,1200,200,68.247,79.067,0.154,0.171
q,200,6,0.71571,3,25,1200,200,66.38,77.339,0.154,0.172
q,200,6,0.70773,3,25,1200,200,68.296,80.641,0.154,0.172
q,200,6,0.71172,3,25,1200,200,73.88,77.301,0.155,0.169
m,466,6,0.85,3,25,1200,200,161.108,191.242,0.137,0.167
q,200,6,0.72369,3,25,1200,200,73.487,76.74,0.152,0.166
q,200,6,0.7197,3,25,1200,200,73.82,79.248,0.155,0.168
q,200,6,0.73566,3,25,1200,200,67.756,77.055,0.155,0.172
q,200,6,0.73167,3,25,1200,200,67.43,78.604,0.155,0.172
q,200,6,0.72768,3,25,1200,200,68.855,80.663,0.153,0.168
m,447,6,0.85,3,25,1200,200,173.378,194.364,0.141,0.169
q,200,6,0.74364,3,25,1200,200,67.041,78.62,0.156,0.171
q,200,6,0.73965,3,25,1200,200,67.949,79.385,0.156,0.172
q,200,6,0.74763,3,25,1200,200,67.811,78.665,0.156,0.173
q,200,6,0.75561,3,25,1200,200,67.143,76.426,0.152,0.168
m,457,6,0.85,3,25,1200,200,176.62,196.914,0.136,0.165
m,476,6,0.85,3,25,1200,200,165.611,195.727,0.136,0.162
q,200,6,0.76359,3,25,1200,200,67.038,77.772,0.155,0.17
q,200,6,0.7596,3,25,1200,200,73.152,75.494,0.153,0.168
q,200,6,0.76758,3,25,1200,200,67.579,77.683,0.15,0.166
q,200,6,0.75162,3,25,1200,200,73.674,77.125,0.153,0.171
q,200,6,0.77157,3,25,1200,200,68.364,78.099,0.155,0.173
m,481,6,0.85,3,25,1200,200,166.48,196.948,0.137,0.165
m,462,6,0.85,3,25,1200,200,179.306,198.334,0.135,0.168
q,200,6,0.77556,3,25,1200,200,67.409,78.1,0.155,0.171
q,200,6,0.77955,3,25,1200,200,68.228,79.286,0.156,0.177
m,471,6,0.85,3,25,1200,200,184.296,200.163,0.135,0.165
q,200,6,0.78354,3,25,1200,200,67.455,76.79,0.156,0.173
m,490,6,0.85,3,25,1200,200,171.569,200.754,0.136,0.164
q,200,6,0.79152,3,25,1200,200,67.05,75.798,0.155,0.169
q,200,6,0.78753,3,25,1200,200,67.2,78.383,0.156,0.17
q,200,6,0.79551,3,25,1200,200,69.406,74.068,0.156,0.171
m,495,6,0.85,3,25,1200,200,175.642,203.699,0.134,0.163
q,200,6,0.7995,3,25,1200,200,67.796,78.442,0.154,0.167
q,200,6,0.80349,3,25,1200,200,69.195,73.932,0.153,0.169
m,500,6,0.85,3,25,1200,200,175.462,205.212,0.135,0.16
q,200,6,0.80748,3,25,1200,200,68.765,80.502,0.154,0.17
q,200,6,0.81546,3,25,1200,200,67.345,77.913,0.156,0.172
q,200,6,0.81147,3,25,1200,200,69.504,78.709,0.157,0.175
q,200,6,0.82743,3,25,1200,200,66.523,76.798,0.159,0.174
q,200,6,0.82344,3,25,1200,200,67.695,78.25,0.159,0.174
q,200,6,0.83142,3,25,1200,200,69.099,73.966,0.151,0.173
m,486,6,0.85,3,25,1200,200,189.082,217.31,0.134,0.162
q,200,6,0.81945,3,25,1200,200,68.874,83.947,0.156,0.174
q,200,6,0.85137,3,25,1200,200,66.478,71.325,0.156,0.172
q,200,6,0.84339,3,25,1200,200,68.139,72.951,0.156,0.173
q,200,6,0.8394,3,25,1200,200,68.222,79.163,0.154,0.172
q,200,6,0.86334,3,25,1200,200,66.429,71.172,0.158,0.175
q,200,6,0.83541,3,25,1200,200,66.23,82.187,0.151,0.166
q,200,6,0.85935,3,25,1200,200,66.772,77.25,0.157,0.173
q,200,6,0.85536,3,25,1200,200,67.917,77.434,0.155,0.171
q,200,6,0.84738,3,25,1200,200,67.604,79.053,0.157,0.175
q,200,6,0.86733,3,25,1200,200,66.86,77.294,0.156,0.172
q,200,6,0.87132,3,25,1200,200,67.56,78.362,0.156,0.172
q,200,6,0.87531,3,25,1200,200,67.598,78.209,0.152,0.167
q,200,6,0.8793,3,25,1200,200,67.681,77.692,0.153,0.17
q,200,6,0.88329,3,25,1200,200,67.662,77.833,0.155,0.171
q,200,6,0.88728,3,25,1200,200,67.615,77.253,0.156,0.17
q,200,6,0.89127,3,25,1200,200,66.982,77.704,0.153,0.169
q,200,6,0.89526,3,25,1200,200,66.933,76.544,0.153,0.167
q,200,6,0.89925,3,25,1200,200,68.36,78.386,0.153,0.168
q,200,6,0.91122,3,25,1200,200,64.501,72.444,0.157,0.172
q,200,6,0.90723,3,25,1200,200,67.146,77.43,0.156,0.172
q,200,6,0.90324,3,25,1200,200,67.929,78.481,0.153,0.168
q,200,6,0.91521,3,25,1200,200,67.281,76.657,0.155,0.169
q,200,6,0.93516,3,25,1200,200,61.462,71.566,0.156,0.169
q,200,6,0.9192,3,25,1200,200,66.904,76.468,0.154,0.173
q,200,6,0.92718,3,25,1200,200,63.219,73.407,0.156,0.175
q,200,6,0.93915,3,25,1200,200,62.866,71.996,0.156,0.171
q,200,6,0.92319,3,25,1200,200,67.666,78.122,0.155,0.171
q,200,6,0.95511,3,25,1200,200,61.925,71.366,0.153,0.17
q,200,6,0.93117,3,25,1200,200,68.408,78.64,0.157,0.174
lambda,200,6,0.85,3,3,1200,200,52.738,46.264,0.158,0.167
lambda,200,6,0.85,3,1,1200,200,57.304,45.464,0.164,0.17
q,200,6,0.94314,3,25,1200,200,67.081,77.29,0.157,0.173
q,200,6,0.94713,3,25,1200,200,66.779,77.748,0.153,0.168
q,200,6,0.97506,3,25,1200,200,62.058,71.605,0.153,0.169
q,200,6,0.95112,3,25,1200,200,67.021,77.775,0.153,0.168
omega,200,6,0.85,2,25,1200,200,59.663,68.458,0.154,0.171
lambda,200,6,0.85,3,2,1200,200,57.12,47.491,0.159,0.167
q,200,6,0.99501,3,25,1200,200,61.807,70.199,0.155,0.172
omega,200,6,0.85,1,25,1200,200,60.815,70.08,0.149,0.165
q,200,6,0.9591,3,25,1200,200,67.087,77.601,0.152,0.169
q,200,6,0.96309,3,25,1200,200,67.187,77.504,0.156,0.169
q,200,6,0.98703,3,25,1200,200,62.793,72.359,0.158,0.173
q,200,6,0.96708,3,25,1200,200,68.404,79.072,0.155,0.17
lambda,200,6,0.85,3,6,1200,200,54.669,51.789,0.156,0.167
q,200,6,0.97107,3,25,1200,200,67.2,77.859,0.157,0.171
lambda,200,6,0.85,3,4,1200,200,59.014,52.153,0.157,0.163
q,200,6,0.98304,3,25,1200,200,66.957,77.27,0.156,0.172
q,200,6,0.97905,3,25,1200,200,67.62,78.571,0.155,0.168
lambda,200,6,0.85,3,5,1200,200,58.836,53.584,0.16,0.171
q,200,6,0.99102,3,25,1200,200,67.699,77.236,0.154,0.17
q,200,6,0.999,3,25,1200,200,67.274,76.437,0.152,0.168
omega,200,6,0.85,3,25,1200,200,67.853,78.359,0.154,0.17
lambda,200,6,0.85,3,7,1200,200,59.944,56.021,0.159,0.174
lambda,200,6,0.85,3,8,1200,200,60.465,58.245,0.158,0.171
omega,200,6,0.85,5,25,1200,200,68.452,81.775,0.157,0.174
omega,200,6,0.85,4,25,1200,200,70.668,83.109,0.157,0.175
lambda,200,6,0.85,3,9,1200,200,61.097,60.255,0.153,0.167
lambda,200,6,0.85,3,13,1200,200,57.485,59.463,0.151,0.163
lambda,200,6,0.85,3,10,1200,200,60.6,60.041,0.154,0.168
lambda,200,6,0.85,3,15,1200,200,57.594,62.102,0.154,0.17
lambda,200,6,0.85,3,12,1200,200,61.534,62.816,0.155,0.167
lambda,200,6,0.85,3,11,1200,200,62.466,63.932,0.157,0.166
lambda,200,6,0.85,3,16,1200,200,59.25,64.125,0.159,0.172
lambda,200,6,0.85,3,17,1200,200,58.999,64.555,0.153,0.167
lambda,200,6,0.85,3,14,1200,200,62.955,65.727,0.155,0.17
mcmcIter,200,6,0.85,3,25,500,200,26.655,21.98,0.157,0.172
lambda,200,6,0.85,3,19,1200,200,60.404,66.675,0.152,0.165
omega,200,6,0.85,6,25,1200,200,76.511,93.114,0.155,0.174
lambda,200,6,0.85,3,20,1200,200,60.231,68.312,0.152,0.17
lambda,200,6,0.85,3,18,1200,200,64.955,70.916,0.153,0.169
omega,200,6,0.85,7,25,1200,200,79.337,97.848,0.159,0.176
lambda,200,6,0.85,3,21,1200,200,66.159,74.357,0.148,0.164
lambda,200,6,0.85,3,23,1200,200,66.942,75.946,0.153,0.17
lambda,200,6,0.85,3,22,1200,200,67.211,76.672,0.155,0.171
lambda,200,6,0.85,3,24,1200,200,66.841,77.613,0.157,0.173
lambda,200,6,0.85,3,25,1200,200,67.928,79.287,0.158,0.176
lambda,200,6,0.85,3,26,1200,200,67.547,80.187,0.155,0.172
lambda,200,6,0.85,3,27,1200,200,68.923,81.744,0.154,0.171
lambda,200,6,0.85,3,28,1200,200,69.173,83.056,0.153,0.171
lambda,200,6,0.85,3,29,1200,200,69.39,82.633,0.155,0.171
lambda,200,6,0.85,3,30,1200,200,68.856,81.957,0.159,0.176
lambda,200,6,0.85,3,33,1200,200,63.991,77.715,0.154,0.173
lambda,200,6,0.85,3,31,1200,200,70.165,85.667,0.157,0.174
lambda,200,6,0.85,3,32,1200,200,70.35,84.413,0.153,0.171
lambda,200,6,0.85,3,34,1200,200,69.474,84.968,0.153,0.17
lambda,200,6,0.85,3,35,1200,200,70.805,86.169,0.156,0.174
lambda,200,6,0.85,3,37,1200,200,67.026,84.296,0.154,0.17
lambda,200,6,0.85,3,40,1200,200,66.832,83.166,0.157,0.176
lambda,200,6,0.85,3,39,1200,200,66.996,83.902,0.155,0.176
lambda,200,6,0.85,3,36,1200,200,71.494,87.119,0.154,0.171
lambda,200,6,0.85,3,42,1200,200,67.045,84.714,0.154,0.175
lambda,200,6,0.85,3,38,1200,200,71.447,89.937,0.151,0.17
lambda,200,6,0.85,3,44,1200,200,65.838,84.254,0.158,0.176
lambda,200,6,0.85,3,41,1200,200,72.955,96.727,0.155,0.172
lambda,200,6,0.85,3,48,1200,200,69.706,89.696,0.151,0.169
lambda,200,6,0.85,3,50,1200,200,69.419,91.311,0.154,0.171
lambda,200,6,0.85,3,43,1200,200,74.043,93.632,0.156,0.176
lambda,200,6,0.85,3,45,1200,200,73.937,94.158,0.157,0.175
lambda,200,6,0.85,3,47,1200,200,73.086,95.322,0.151,0.171
lambda,200,6,0.85,3,46,1200,200,76.081,99.327,0.154,0.174
lambda,200,6,0.85,3,49,1200,200,74.302,100.851,0.154,0.174
mcmcIter,200,6,0.85,3,25,1495,200,77.652,112.617,0.153,0.171
mcmcBurnin,200,6,0.85,3,25,1200,12,72.177,83.56,0.152,0.168
mcmcBurnin,200,6,0.85,3,25,1200,53,65.13,82.195,0.154,0.168
mcmcBurnin,200,6,0.85,3,25,1200,47,67.075,84.57,0.157,0.173
mcmcBurnin,200,6,0.85,3,25,1200,41,68.89,82.854,0.155,0.169
mcmcBurnin,200,6,0.85,3,25,1200,18,74.635,83.988,0.156,0.171
mcmcBurnin,200,6,0.85,3,25,1200,83,68.714,83.373,0.155,0.172
mcmcBurnin,200,6,0.85,3,25,1200,30,74.627,86.597,0.157,0.17
mcmcBurnin,200,6,0.85,3,25,1200,59,69.614,86.715,0.158,0.172
mcmcBurnin,200,6,0.85,3,25,1200,65,69.983,86.795,0.157,0.171
mcmcBurnin,200,6,0.85,3,25,1200,24,70.549,94.421,0.157,0.172
mcmcBurnin,200,6,0.85,3,25,1200,71,69.748,87.92,0.157,0.173
mcmcBurnin,200,6,0.85,3,25,1200,88,69.012,86.794,0.152,0.166
mcmcBurnin,200,6,0.85,3,25,1200,77,71.187,88.019,0.154,0.171
mcmcBurnin,200,6,0.85,3,25,1200,36,73.953,90.551,0.157,0.169
mcmcIter,200,6,0.85,3,25,2490,200,147.501,210.506,0.148,0.166
mcmcBurnin,200,6,0.85,3,25,1200,94,80.911,89.94,0.153,0.17
mcmcBurnin,200,6,0.85,3,25,1200,106,63.689,79.743,0.157,0.174
mcmcBurnin,200,6,0.85,3,25,1200,100,98.802,95.535,0.156,0.174
mcmcIter,200,6,0.85,3,25,3485,200,206.002,270.23,0.144,0.163
mcmcBurnin,200,6,0.85,3,25,1200,112,62.747,77.715,0.157,0.175
mcmcBurnin,200,6,0.85,3,25,1200,118,62.45,77.869,0.157,0.174
mcmcBurnin,200,6,0.85,3,25,1200,130,62.271,76.737,0.155,0.17
mcmcBurnin,200,6,0.85,3,25,1200,124,62.654,77.177,0.157,0.171
mcmcBurnin,200,6,0.85,3,25,1200,135,62.228,77.789,0.155,0.17
mcmcBurnin,200,6,0.85,3,25,1200,165,62.841,75.681,0.156,0.173
mcmcBurnin,200,6,0.85,3,25,1200,141,66.468,82.808,0.153,0.166
mcmcBurnin,200,6,0.85,3,25,1200,177,66.053,78.571,0.158,0.173
mcmcBurnin,200,6,0.85,3,25,1200,159,66.449,81.285,0.157,0.172
mcmcBurnin,200,6,0.85,3,25,1200,147,67.643,81.877,0.158,0.174
mcmcBurnin,200,6,0.85,3,25,1200,183,65.732,78.74,0.153,0.172
mcmcBurnin,200,6,0.85,3,25,1200,153,67.571,81.758,0.156,0.171
mcmcBurnin,200,6,0.85,3,25,1200,188,66.591,78.4,0.152,0.169
mcmcBurnin,200,6,0.85,3,25,1200,171,66.939,81.227,0.15,0.165
mcmcBurnin,200,6,0.85,3,25,1200,194,65.682,75.826,0.152,0.168
mcmcBurnin,200,6,0.85,3,25,1200,200,66.952,77.552,0.154,0.169
mcmcBurnin,200,6,0.85,3,25,1200,206,67.061,77.101,0.153,0.17
mcmcBurnin,200,6,0.85,3,25,1200,212,62.742,75.577,0.154,0.17
mcmcBurnin,200,6,0.85,3,25,1200,218,62.229,77.522,0.155,0.17
mcmcIter,200,6,0.85,3,25,4480,200,260.276,347.894,0.139,0.161
mcmcBurnin,200,6,0.85,3,25,1200,241,62.495,69.687,0.156,0.173
mcmcBurnin,200,6,0.85,3,25,1200,253,63.977,70.969,0.149,0.163
mcmcBurnin,200,6,0.85,3,25,1200,230,65.876,72.919,0.155,0.169
mcmcBurnin,200,6,0.85,3,25,1200,247,61.322,76.609,0.154,0.168
mcmcBurnin,200,6,0.85,3,25,1200,235,63.16,76.213,0.156,0.173
mcmcBurnin,200,6,0.85,3,25,1200,224,67.417,80.104,0.156,0.173
mcmcBurnin,200,6,0.85,3,25,1200,259,66.742,72.479,0.158,0.175
mcmcBurnin,200,6,0.85,3,25,1200,306,67.754,69.151,0.153,0.167
mcmcBurnin,200,6,0.85,3,25,1200,294,67.793,71.215,0.155,0.174
mcmcBurnin,200,6,0.85,3,25,1200,282,67.822,72.401,0.149,0.164
mcmcBurnin,200,6,0.85,3,25,1200,277,67.689,72.866,0.156,0.173
mcmcBurnin,200,6,0.85,3,25,1200,265,68.035,74.233,0.155,0.174
mcmcBurnin,200,6,0.85,3,25,1200,271,67.757,74.412,0.157,0.174
mcmcBurnin,200,6,0.85,3,25,1200,312,68.106,71.312,0.153,0.17
mcmcBurnin,200,6,0.85,3,25,1200,300,67.994,72.503,0.156,0.176
mcmcBurnin,200,6,0.85,3,25,1200,288,68.393,74.113,0.155,0.174
mcmcBurnin,200,6,0.85,3,25,1200,324,70.339,69.452,0.149,0.165
mcmcBurnin,200,6,0.85,3,25,1200,318,69.004,113.76,0.16,0.177
mcmcBurnin,200,6,0.85,3,25,1200,330,67.501,68.636,0.15,0.166
mcmcBurnin,200,6,0.85,3,25,1200,335,67.789,68.385,0.154,0.17
mcmcBurnin,200,6,0.85,3,25,1200,341,67.516,68.594,0.153,0.17
mcmcIter,200,6,0.85,3,25,5475,200,315.252,398.984,0.141,0.161
mcmcBurnin,200,6,0.85,3,25,1200,347,62.631,61.985,0.154,0.17
mcmcBurnin,200,6,0.85,3,25,1200,353,68.322,68.463,0.153,0.168
mcmcBurnin,200,6,0.85,3,25,1200,365,61.716,62.436,0.151,0.172
mcmcBurnin,200,6,0.85,3,25,1200,377,62.355,61.505,0.157,0.175
mcmcBurnin,200,6,0.85,3,25,1200,388,62.547,60.259,0.159,0.178
mcmcBurnin,200,6,0.85,3,25,1200,371,62.578,62.677,0.155,0.171
mcmcBurnin,200,6,0.85,3,25,1200,359,67.191,66.026,0.152,0.168
mcmcBurnin,200,6,0.85,3,25,1200,400,63.08,59.239,0.156,0.174
mcmcBurnin,200,6,0.85,3,25,1200,429,65.927,58.582,0.155,0.17
mcmcBurnin,200,6,0.85,3,25,1200,394,67.597,71.257,0.152,0.171
mcmcBurnin,200,6,0.85,3,25,1200,424,66.128,60.189,0.156,0.173
mcmcBurnin,200,6,0.85,3,25,1200,447,66.512,58.33,0.15,0.166
mcmcBurnin,200,6,0.85,3,25,1200,441,67.269,59.401,0.155,0.173
mcmcBurnin,200,6,0.85,3,25,1200,418,67.419,61.984,0.155,0.175
mcmcBurnin,200,6,0.85,3,25,1200,453,67.626,59.379,0.154,0.171
mcmcBurnin,200,6,0.85,3,25,1200,435,67.824,60.402,0.157,0.175
mcmcBurnin,200,6,0.85,3,25,1200,412,67.195,63.135,0.154,0.171
mcmcBurnin,200,6,0.85,3,25,1200,406,68.783,63.822,0.154,0.17
mcmcBurnin,200,6,0.85,3,25,1200,465,66.773,57.502,0.155,0.172
mcmcBurnin,200,6,0.85,3,25,1200,459,68.096,58.149,0.153,0.171
mcmcBurnin,200,6,0.85,3,25,1200,382,62.382,123.775,0.155,0.172
mcmcBurnin,200,6,0.85,3,25,1200,471,67.135,56.165,0.152,0.171
mcmcBurnin,200,6,0.85,3,25,1200,488,66.089,55.108,0.147,0.166
mcmcBurnin,200,6,0.85,3,25,1200,482,67.693,55.649,0.155,0.173
mcmcBurnin,200,6,0.85,3,25,1200,506,62.26,50.105,0.149,0.164
mcmcBurnin,200,6,0.85,3,25,1200,500,62.746,52.571,0.155,0.173
mcmcBurnin,200,6,0.85,3,25,1200,494,69.082,55.573,0.154,0.169
mcmcBurnin,200,6,0.85,3,25,1200,477,84.59,63.858,0.154,0.174
mcmcBurnin,200,6,0.85,3,25,1200,524,61.788,49.427,0.154,0.173
mcmcBurnin,200,6,0.85,3,25,1200,535,61.613,48.277,0.152,0.168
mcmcBurnin,200,6,0.85,3,25,1200,518,66.058,52.387,0.153,0.171
mcmcBurnin,200,6,0.85,3,25,1200,541,63.058,48.599,0.154,0.173
mcmcBurnin,200,6,0.85,3,25,1200,529,62.452,50.816,0.152,0.172
mcmcBurnin,200,6,0.85,3,25,1200,553,61.884,47.301,0.155,0.174
mcmcBurnin,200,6,0.85,3,25,1200,547,66.567,49.912,0.156,0.174
mcmcBurnin,200,6,0.85,3,25,1200,512,86.949,50.632,0.152,0.167
mcmcBurnin,200,6,0.85,3,25,1200,565,62.745,47.617,0.149,0.167
mcmcBurnin,200,6,0.85,3,25,1200,576,64.313,46.223,0.148,0.166
mcmcBurnin,200,6,0.85,3,25,1200,571,65.402,47.313,0.153,0.172
mcmcBurnin,200,6,0.85,3,25,1200,559,65.437,48.174,0.155,0.172
mcmcBurnin,200,6,0.85,3,25,1200,594,64.905,45.963,0.153,0.171
mcmcBurnin,200,6,0.85,3,25,1200,600,65.521,44.979,0.155,0.173
mcmcBurnin,200,6,0.85,3,25,1200,588,64.963,46.503,0.155,0.174
mcmcBurnin,200,6,0.85,3,25,1200,582,66.417,47.442,0.155,0.173
mcmcIter,200,6,0.85,3,25,6470,200,374.092,507.312,0.136,0.158
mcmcIter,200,6,0.85,3,25,7465,200,496.553,620.914,0.137,0.158
mcmcIter,200,6,0.85,3,25,8460,200,495.589,661.941,0.135,0.156
mcmcIter,200,6,0.85,3,25,23385,200,1432.233,1755.185,0.126,0.149
mcmcIter,200,6,0.85,3,25,27365,200,1463.422,2072.736,0.127,0.152
mcmcIter,200,6,0.85,3,25,32340,200,1967.578,2498.497,0.124,0.148
mcmcIter,200,6,0.85,3,25,33335,200,1923.689,2567.319,0.125,0.15
mcmcIter,200,6,0.85,3,25,39305,200,2138.828,2958.59,0.121,0.143
mcmcIter,200,6,0.85,3,25,43285,200,2383.787,3301.25,0.119,0.141
mcmcIter,200,6,0.85,3,25,45275,200,2555.276,3446.788,0.125,0.146
