latitude,longitude,depth,mag,nst,gap,dmin,rms,net,horizontalError,depthError,magError,magNst
50.3286,158.1706,10.0,4.3,16,135.0,2.715,0.56,us,12.71,1.909,0.138,15
-3.9676,143.0805,86.307,4.0,19,122.0,2.778,0.82,us,10.65,6.979,0.144,16
11.7644,143.2277,10.0,4.7,25,128.0,2.419,0.77,us,6.02,1.919,0.091,37
-17.746,-178.6377,548.026,4.4,52,103.0,2.285,0.73,us,13.05,3.339,0.095,32
51.453,159.6794,10.0,4.4,25,127.0,1.695,0.91,us,9.04,1.908,0.139,15
6.2037,126.8425,80.527,4.5,50,66.0,1.522,0.86,us,8.16,6.013,0.079,47
-30.6302,-178.047,47.093,4.9,30,128.0,1.368,0.86,us,12.94,9.031,0.104,29
-60.3141,-61.7339,10.0,4.3,18,131.0,4.603,0.59,us,13.74,1.926,0.154,16
51.4757,159.6917,28.297,4.9,74,121.0,1.677,1.02,us,8.2,5.388,0.043,167
49.908,156.3518,41.138,4.7,53,134.0,3.313,0.57,us,11.49,8.534,0.066,70
51.9303,156.1036,207.607,4.1,52,146.0,1.53,0.41,us,11.24,7.889,0.088,35
-33.2074,-178.8684,35.0,4.2,19,166.0,4.031,1.2,us,11.18,1.976,0.147,13
-21.1444,-68.6911,117.987,4.6,37,71.0,0.75,1.02,us,5.66,5.85,0.071,59
52.4906,160.6382,39.14,4.3,18,138.0,1.321,0.62,us,13.99,9.038,0.168,10
-59.1008,-25.6874,116.763,4.6,30,104.0,7.654,0.49,us,15.24,4.9,0.122,20
39.5935,143.3965,10.0,4.6,106,120.0,2.149,0.48,us,7.19,1.872,0.057,91
52.382,160.1014,10.0,4.7,32,175.0,1.092,0.68,us,8.47,1.955,0.113,24
29.277,129.5242,10.0,4.3,18,111.0,2.365,0.32,us,5.97,1.916,0.177,10
4.9458,95.9794,10.0,5.1,67,40.0,1.004,0.52,us,4.94,1.482,0.065,76
42.4627,72.3418,10.0,4.2,17,119.0,0.739,1.0,us,3.26,1.484,0.215,6
51.2842,158.4725,35.0,4.5,24,127.0,1.745,0.8,us,11.04,1.92,0.156,12
52.7251,161.0944,10.0,4.3,31,120.0,1.511,1.08,us,9.97,1.899,0.107,25
-16.0602,-69.2375,245.242,4.0,20,135.0,1.087,1.1,us,12.48,8.863,0.144,13
41.0209,138.6895,242.609,4.0,37,88.0,1.815,0.65,us,9.17,10.309,0.125,17
22.4404,94.5319,105.63,4.5,84,52.0,1.28,0.43,us,8.13,6.785,0.066,67
-15.8171,-176.8504,414.209,4.3,51,102.0,3.691,0.45,us,8.19,7.521,0.089,36
52.1572,160.3489,25.964,4.5,52,134.0,1.352,0.89,us,11.46,6.1,0.088,38
36.6327,75.4388,10.0,4.5,29,158.0,1.956,0.93,us,5.77,1.932,0.089,37
52.517,160.6831,10.0,4.4,67,121.0,1.335,0.97,us,4.62,1.89,0.075,52
-22.8648,-68.8907,102.385,4.5,48,68.0,0.662,0.88,us,4.86,6.228,0.063,75
52.7127,160.8514,10.0,4.3,24,148.0,1.37,0.68,us,9.72,1.932,0.161,11
-22.752,-179.3842,455.11,4.2,15,206.0,5.532,0.53,us,25.32,23.944,0.158,11
-52.9299,22.0895,10.0,4.6,25,89.0,20.559,0.61,us,10.71,1.839,0.114,23
49.7005,155.3961,65.747,5.3,71,127.0,3.704,0.55,us,9.71,5.802,0.077,56
44.4598,149.0076,58.296,4.4,32,143.0,4.618,0.44,us,10.66,8.684,0.118,21
52.5602,159.2722,50.646,4.7,228,127.0,0.598,0.78,us,8.5,6.517,0.031,307
-52.7683,22.3101,10.0,4.4,14,76.0,20.081,0.74,us,11.83,1.929,0.155,12
48.1271,154.4595,42.831,4.8,95,125.0,5.396,0.75,us,12.03,7.188,0.057,96
-19.1035,169.3791,222.925,4.2,30,157.0,3.931,0.5,us,9.69,6.777,0.112,22
34.6576,70.6806,10.0,4.1,14,227.0,1.283,1.16,us,13.72,2.199,0.184,8
-61.2144,-36.2321,10.0,4.6,24,74.0,6.952,0.53,us,9.71,1.577,0.133,17
-28.0386,-66.7387,157.596,4.5,49,43.0,3.277,0.84,us,4.8,8.753,0.171,10
51.586,159.6857,10.0,4.3,29,127.0,1.574,1.17,us,8.88,1.905,0.134,20
6.8359,127.192,12.258,4.8,38,66.0,1.618,1.2,us,4.43,4.667,0.098,33
52.941,161.2245,35.0,4.4,41,206.0,1.559,0.64,us,12.87,1.948,0.087,38
50.2794,156.7642,68.468,4.5,69,132.0,2.892,0.9,us,11.47,7.356,0.056,94
45.8546,151.4427,35.0,4.6,26,154.0,6.511,1.07,us,11.97,1.968,0.107,26
52.1177,160.647,10.0,4.7,18,135.0,1.519,0.66,us,12.18,1.926,0.138,16
10.8902,123.9522,10.0,4.6,45,122.0,6.302,0.62,us,12.59,1.9,0.093,34
37.0518,136.6567,7.591,4.9,74,57.0,1.341,0.75,us,5.15,4.075,0.035,256
-27.1652,-175.9607,10.0,4.6,30,164.0,10.884,0.82,us,14.85,1.91,0.11,25
23.2043,120.386,10.0,4.4,36,128.0,0.244,0.71,us,3.17,1.852,0.123,20
38.8235,70.6829,10.0,4.1,38,146.0,1.086,0.96,us,4.65,1.918,0.107,24
2.5713,96.0048,10.0,4.9,57,104.0,2.802,0.87,us,8.6,1.769,0.069,65
-24.0159,-67.3347,217.018,4.2,19,145.0,1.312,0.78,us,11.49,7.035,0.2,7
49.9086,157.5936,24.879,4.2,17,134.0,3.188,0.38,us,9.92,6.729,0.176,9
3.0606,-31.3674,10.0,4.6,47,99.0,9.922,0.76,us,10.3,1.87,0.085,42
51.8197,160.4602,35.0,4.2,23,164.0,1.638,0.79,us,10.8,1.993,0.136,15
49.9147,159.3534,10.0,4.7,50,136.0,3.144,0.69,us,9.8,1.884,0.042,173
-56.3242,-25.8462,10.0,4.4,23,180.0,6.412,0.87,us,14.86,1.972,0.131,23
20.6086,121.1892,34.688,4.4,37,112.0,2.729,0.71,us,9.96,7.261,0.11,27
0.2243,122.0056,198.613,4.4,47,73.0,1.472,0.7,us,7.96,6.622,0.096,31
-7.9282,117.6939,8.364,4.1,20,81.0,0.897,0.82,us,3.73,5.23,0.213,7
52.0097,161.0573,10.0,4.7,65,125.0,1.787,0.59,us,10.45,1.914,0.044,154
-10.8681,161.3367,10.0,4.3,21,109.0,1.972,0.95,us,4.92,1.912,0.142,15
51.5538,159.2515,47.371,4.5,116,135.0,1.518,0.6,us,9.85,7.14,0.051,113
51.6723,160.6441,10.0,4.4,25,128.0,1.824,0.92,us,9.7,1.93,0.134,16
49.6174,155.5281,50.359,4.6,95,170.0,3.751,1.21,us,10.88,8.32,0.051,117
51.4325,159.4207,35.0,4.1,16,127.0,1.662,0.77,us,10.01,1.925,0.145,13
43.9808,13.3879,10.0,4.9,82,30.0,0.953,0.89,us,4.09,1.88,0.046,147
-14.4629,167.3649,103.223,4.3,17,162.0,0.991,0.32,us,12.95,7.254,0.177,9
51.1304,159.147,31.471,5.1,184,59.0,1.921,0.61,us,7.75,4.867,0.029,395
-1.7476,69.1427,10.0,4.5,15,80.0,4.448,1.2,us,7.57,1.889,0.204,7
-29.3489,-71.46,38.049,4.0,27,141.0,0.6,1.07,us,4.13,10.869,0.367,2
-24.1663,-115.4342,10.0,4.5,35,164.0,39.546,0.9,us,15.12,1.91,0.094,33
36.3495,75.9757,10.0,4.3,24,210.0,3.403,1.26,us,11.58,1.98,0.129,17
53.1244,160.5038,34.18,4.2,26,136.0,1.123,0.99,us,11.18,4.673,0.112,22
49.2104,156.0509,24.768,4.6,50,138.0,4.038,0.71,us,8.14,6.484,0.069,63
-59.3645,-25.6066,35.0,4.7,22,174.0,7.841,0.93,us,14.73,1.981,0.126,20
52.8182,160.7089,35.0,4.2,31,119.0,1.263,0.87,us,6.24,1.924,0.101,27
